elapsed,stages,favero
0,0,0
1,0,0
2,0,0
3,0,0
4,0,0
5,0,0
6,0,0
7,0,0
8,0,0
9,0,0
10,0,0
11,0,0
12,0,0
13,0,0
14,0,0
15,0,0
16,0,0
17,0,0
18,0,0
19,0,0
20,0,0
21,0,0
22,0,0
23,0,0
24,0,0
25,0,0
26,0,0
27,0,0
28,0,0
29,0,0
30,0,0
31,0,0
32,0,0
33,0,0
34,0,0
35,0,0
36,0,0
37,0,0
38,0,0
39,0,0
40,0,0
41,0,0
42,0,0
43,0,0
44,0,0
45,0,0
46,0,0
47,0,0
48,0,0
49,0,0
50,0,0
51,0,0
52,0,0
53,0,0
54,0,0
55,0,0
56,0,0
57,0,0
58,0,0
59,0,0
60,0,0
61,0,0
62,0,0
63,0,0
64,0,0
65,0,0
66,0,0
67,0,0
68,0,0
69,0,0
70,0,0
71,0,0
72,0,0
73,0,0
74,0,0
75,0,0
76,0,0
77,0,0
78,0,0
79,0,0
80,0,0
81,0,0
82,0,0
83,0,0
84,0,0
85,0,0
86,0,0
87,0,0
88,0,0
89,0,0
90,0,0
91,0,0
92,0,0
93,0,0
94,0,0
95,0,0
96,0,0
97,0,0
98,0,0
99,0,0
100,0,0
101,0,0
102,0,0
103,0,0
104,0,0
105,0,0
106,0,0
107,0,0
108,0,0
109,0,0
110,0,0
111,0,0
112,0,0
113,0,0
114,0,0
115,0,0
116,0,0
117,0,0
118,0,0
119,0,0
120,0,0
121,0,0
122,0,0
123,0,0
124,0,0
125,0,0
126,0,0
127,0,0
128,0,0
129,0,0
130,0,0
131,0,0
132,0,0
133,0,0
134,0,0
135,0,0
136,0,0
137,0,0
138,0,0
139,0,0
140,0,0
141,0,0
142,0,0
143,0,0
144,0,0
145,0,0
146,0,0
147,0,0
148,0,0
149,0,0
150,0,0
151,0,0
152,0,0
153,0,0
154,0,0
155,0,0
156,0,0
157,0,0
158,0,0
159,0,0
160,0,0
161,0,0
162,0,0
163,0,0
164,0,0
165,0,0
166,0,0
167,0,0
168,0,0
169,0,0
170,0,0
171,0,0
172,0,0
173,0,0
174,0,0
175,0,0
176,0,0
177,0,0
178,0,0
179,0,0
180,0,0
181,0,0
182,0,0
183,0,0
184,0,0
185,0,0
186,0,0
187,0,0
188,0,0
189,0,0
190,0,0
191,0,0
192,0,0
193,0,0
194,0,0
195,0,0
196,0,0
197,0,0
198,0,0
199,0,0
200,0,0
201,0,0
202,0,0
203,0,0
204,0,0
205,0,0
206,0,0
207,0,0
208,0,0
209,0,0
210,0,0
211,0,0
212,0,0
213,0,0
214,0,0
215,0,0
216,0,0
217,0,0
218,0,0
219,0,0
220,0,0
221,0,0
222,0,0
223,0,0
224,0,0
225,0,0
226,0,0
227,0,0
228,0,0
229,0,0
230,0,0
231,0,0
232,0,0
233,0,0
234,0,0
235,0,0
236,0,0
237,0,0
238,0,0
239,0,0
240,0,0
241,0,0
242,0,0
243,0,0
244,0,0
245,0,0
246,0,0
247,0,0
248,0,0
249,0,0
250,0,0
251,0,0
252,0,0
253,0,0
254,0,0
255,0,0
256,0,0
257,0,0
258,0,0
259,0,0
260,0,0
261,0,0
262,0,0
263,0,0
264,0,0
265,0,0
266,0,0
267,0,0
268,0,0
269,0,0
270,0,0
271,0,0
272,0,0
273,0,0
274,0,0
275,0,0
276,0,0
277,0,0
278,0,0
279,0,0
280,0,0
281,0,0
282,0,0
283,0,0
284,0,0
285,0,0
286,0,0
287,0,0
288,0,0
289,0,0
290,0,0
291,0,0
292,0,0
293,0,0
294,0,0
295,0,0
296,0,0
297,0,0
298,0,0
299,0,0
300,0,0
301,0,0
302,0,0
303,0,0
304,0,0
305,0,0
306,0,0
307,0,0
308,0,0
309,0,0
310,0,0
311,0,0
312,0,0
313,0,0
314,0,0
315,0,0
316,0,0
317,0,0
318,0,0
319,0,0
320,0,0
321,0,0
322,0,0
323,0,0
324,0,0
325,0,0
326,0,0
327,0,0
328,0,0
329,0,0
330,0,0
331,0,0
332,0,0
333,0,0
334,0,0
335,0,0
336,0,0
337,0,0
338,0,0
339,0,0
340,0,0
341,0,0
342,0,0
343,0,0
344,0,0
345,0,0
346,0,0
347,0,0
348,0,0
349,0,0
350,0,0
351,0,0
352,0,0
353,0,0
354,0,0
355,0,0
356,0,0
357,0,0
358,0,0
359,0,0
360,0,0
361,0,0
362,0,0
363,0,0
364,0,0
365,0,0
366,0,0
367,0,0
368,0,0
369,0,0
370,0,0
371,0,0
372,0,0
373,0,0
374,0,0
375,0,0
376,0,0
377,0,0
378,0,0
379,0,0
380,0,0
381,0,0
382,0,0
383,0,0
384,0,0
385,0,0
386,0,0
387,0,0
388,0,0
389,0,0
390,0,0
391,0,0
392,0,0
393,0,0
394,0,0
395,0,0
396,0,0
397,0,0
398,0,0
399,0,0
400,0,0
401,0,0
402,0,0
403,0,0
404,0,0
405,0,0
406,0,0
407,0,0
408,0,0
409,0,0
410,0,0
411,0,0
412,0,0
413,0,0
414,0,0
415,0,0
416,0,0
417,0,0
418,0,0
419,0,0
420,0,0
421,0,0
422,0,0
423,0,0
424,0,0
425,0,0
426,0,0
427,0,0
428,0,0
429,0,0
430,0,0
431,0,0
432,0,0
433,0,0
434,0,0
435,0,0
436,0,0
437,0,0
438,0,0
439,0,0
440,0,0
441,0,0
442,0,0
443,0,0
444,0,0
445,0,0
446,0,0
447,0,0
448,0,0
449,0,0
450,0,0
451,0,0
452,0,0
453,0,0
454,0,0
455,0,0
456,0,0
457,0,0
458,0,0
459,0,0
460,0,0
461,0,0
462,0,0
463,0,0
464,0,0
465,0,0
466,0,0
467,0,0
468,0,0
469,0,0
470,0,0
471,0,0
472,0,0
473,0,0
474,0,0
475,0,0
476,0,0
477,0,0
478,0,0
479,0,0
480,0,0
481,0,0
482,0,0
483,0,0
484,0,0
485,0,0
486,0,0
487,0,0
488,0,0
489,0,0
490,0,0
491,0,0
492,0,0
493,0,0
494,0,0
495,0,0
496,0,0
497,0,0
498,0,0
499,0,0
500,0,0
501,0,0
502,0,0
503,0,0
504,0,0
505,0,0
506,0,0
507,0,0
508,0,0
509,0,1
510,0,4
511,0,8
512,0,12
513,0,17
514,0,21
515,0,26
516,0,31
517,0,36
518,0,40
519,0,44
520,0,47
521,0,50
522,0,53
523,0,57
524,0,62
525,0,67
526,0,71
527,0,76
528,0,80
529,0,83
530,0,86
531,0,89
532,0,91
533,0,93
534,0,95
535,0,97
536,0,99
537,0,101
538,0,103
539,0,103
540,0,101
541,0,98
542,0,95
543,0,92
544,0,89
545,0,85
546,0,81
547,0,78
548,0,76
549,0,73
550,0,71
551,0,69
552,0,67
553,0,63
554,0,59
555,0,56
556,0,53
557,0,50
558,0,47
559,0,45
560,0,43
561,0,41
562,0,39
563,0,37
564,0,35
565,0,33
568,0,31
569,0,29
570,0,27
571,0,26
572,0,25
573,0,24
574,0,23
575,0,22
576,0,21
577,0,20
578,0,19
579,0,18
580,0,18
581,0,18
582,0,18
583,0,19
584,0,20
585,0,22
586,0,22
587,1,22
588,1,21
589,1,21
590,1,20
591,1,20
592,1,20
593,1,21
594,1,22
595,1,23
596,1,24
597,1,24
598,1,25
599,1,25
600,1,25
601,1,25
602,1,25
603,1,25
604,1,24
605,1,24
618,1,24
619,1,24
620,1,23
621,1,22
622,1,21
623,1,20
624,1,18
625,1,16
626,1,14
627,1,13
628,1,11
689,0,10
690,0,9
691,0,8
692,0,7
693,0,6
694,0,5
695,0,4
696,0,5
697,0,8
698,0,10
699,0,12
700,0,14
701,0,15
702,0,15
703,0,15
704,0,15
705,0,15
706,0,15
707,0,15
708,0,16
709,0,17
710,0,19
711,6,24
712,14,32
713,21,39
714,29,49
715,41,62
716,54,74
717,62,86
718,62,99
719,62,108
720,62,111
721,72,118
722,81,125
723,87,130
724,87,135
725,87,141
726,87,143
727,94,142
728,103,146
729,111,151
730,113,156
731,114,160
732,119,164
733,123,170
734,125,173
735,127,179
736,134,187
737,140,193
738,146,198
739,154,204
740,160,208
741,160,210
742,158,209
743,158,211
744,159,208
745,154,204
746,149,199
747,149,195
748,158,191
749,167,191
750,176,195
751,174,197
752,172,197
753,176,201
754,185,205
755,195,209
756,205,214
757,209,222
758,210,226
759,213,230
760,223,235
761,233,242
762,240,250
763,247,257
764,256,266
765,265,271
766,269,275
767,274,281
768,274,284
769,272,284
770,272,286
771,276,288
772,279,289
773,279,287
774,272,282
775,265,276
776,260,270
777,252,264
778,243,257
779,234,250
780,226,242
781,219,235
782,210,228
783,201,221
784,192,212
785,184,205
786,176,199
787,165,191
788,154,181
789,144,169
790,132,158
791,122,147
792,112,136
793,106,126
794,100,118
795,94,111
796,89,105
797,82,98
798,81,94
799,80,91
800,79,86
801,75,81
802,72,78
803,71,78
804,76,81
805,82,87
806,88,94
807,98,101
808,107,108
809,115,115
810,122,120
811,126,125
812,126,128
813,126,130
814,126,130
815,130,132
816,135,134
817,140,136
818,143,138
819,146,142
820,149,145
821,151,147
822,151,148
823,151,148
824,152,149
825,154,151
826,156,153
827,160,156
828,162,159
829,166,162
830,166,166
831,167,169
832,167,170
833,169,171
834,170,172
835,171,173
836,172,172
837,171,171
838,171,171
839,170,171
840,170,171
841,172,172
842,179,174
843,186,178
844,192,183
845,190,184
846,187,181
847,182,180
848,179,178
849,177,175
850,177,176
851,174,178
852,172,178
853,168,178
854,165,177
855,163,176
856,162,176
857,162,177
858,162,177
859,162,176
860,162,176
861,161,176
862,160,174
863,157,173
864,158,174
865,158,174
866,157,174
867,157,174
868,156,173
869,154,173
870,155,172
871,155,172
872,155,172
873,154,172
874,154,173
875,156,174
876,158,175
877,161,176
878,161,177
879,161,178
880,157,175
881,157,170
882,157,167
883,157,164
884,153,161
885,149,155
886,141,147
887,133,139
888,126,131
889,118,124
890,112,117
891,106,111
892,101,106
893,96,101
894,88,96
895,79,92
896,78,90
897,79,89
898,80,90
899,81,92
900,78,91
901,79,92
902,82,95
903,87,98
904,92,102
905,96,107
906,100,111
907,106,117
908,117,124
909,128,133
910,140,143
911,150,156
912,159,164
913,171,174
914,182,185
915,194,196
916,206,208
917,216,219
918,227,229
919,233,238
920,239,245
921,244,250
922,244,255
923,244,256
924,244,254
925,244,250
926,243,246
927,238,242
928,235,236
929,234,232
930,239,231
931,239,230
932,238,228
933,234,225
934,231,222
935,227,218
936,223,214
937,217,210
938,211,205
939,205,200
940,200,195
941,197,190
942,196,190
943,192,187
944,189,184
945,186,180
946,182,177
947,179,173
948,175,169
949,174,166
950,174,163
951,173,162
952,176,160
953,176,159
954,176,158
955,176,158
956,170,156
957,166,154
958,161,151
959,154,146
960,145,141
961,137,135
962,133,129
963,135,128
964,139,131
965,144,137
966,138,141
967,134,142
968,129,136
969,124,131
970,118,125
971,110,118
1104,102,111
1105,94,103
1106,86,95
1107,80,87
1108,72,80
1109,64,74
1110,58,69
1111,59,66
1112,60,66
1113,62,68
1114,65,71
1115,70,75
1116,74,80
1117,76,84
1118,77,84
1119,81,87
1120,86,91
1121,91,96
1122,96,101
1123,99,105
1124,97,106
1125,91,103
1126,82,95
1127,77,85
1128,83,76
1129,89,75
1130,95,80
1131,103,87
1132,111,95
1133,119,102
1134,126,110
1135,133,118
1136,140,124
1137,143,130
1138,148,133
1139,148,135
1140,148,136
1141,141,135
1142,135,130
1143,128,124
1144,122,118
1145,117,113
1146,113,107
1147,111,104
1148,110,103
1149,106,101
1150,101,96
1151,96,91
1152,91,87
1153,88,83
1154,85,80
1155,82,77
1156,80,74
1157,74,72
1158,68,71
1159,62,66
1160,55,60
1161,48,54
1162,43,51
1163,40,49
1164,38,47
1165,30,44
1166,24,40
1167,18,36
1168,13,32
1169,13,29
1170,13,27
1171,13,26
1172,13,26
1173,13,26
1174,13,26
1175,13,26
1176,13,26
1177,13,26
1178,13,26
1179,13,26
1180,13,26
1181,13,26
1182,13,26
1183,13,26
1184,13,26
1185,13,26
1186,13,26
1187,13,26
1188,13,26
1189,13,26
1190,13,26
1191,13,25
1192,11,23
1193,12,20
1194,18,20
1195,32,30
1196,48,42
1197,64,57
1198,74,74
1199,84,83
1200,89,93
1201,94,102
1202,99,108
1203,103,113
1204,103,117
1205,103,120
1206,103,122
1207,104,123
1208,104,124
1209,104,124
1210,104,125
1211,104,126
1212,104,128
1213,105,131
1214,109,135
1215,109,139
1216,109,141
1217,109,142
1218,109,142
1219,109,142
1220,109,142
1221,109,146
1222,119,154
1223,123,163
1224,122,168
1225,117,165
1226,108,158
1227,97,149
1228,87,138
1229,77,132
1230,72,125
1231,68,116
1232,63,110
1233,59,105
1234,59,102
1235,59,98
1236,59,96
1237,58,95
1238,58,95
1239,58,94
1240,58,93
1241,58,92
1242,58,90
1243,56,87
1244,52,83
1245,52,80
1246,52,77
1247,54,76
1248,57,81
1249,60,84
1250,60,85
1251,60,83
1252,49,73
1253,40,61
1254,28,49
1255,20,38
1256,13,30
1257,7,23
1258,7,18
1259,7,14
1260,7,11
1261,7,11
1262,7,11
1263,7,11
1264,7,14
1265,12,22
1266,17,32
1267,17,42
1268,17,50
1269,17,54
1270,17,56
1271,17,56
1272,17,56
1273,17,56
1274,17,56
1275,22,56
1276,30,59
1277,37,68
1278,43,74
1279,52,83
1280,56,91
1281,61,98
1282,62,104
1283,65,109
1284,73,116
1285,82,124
1286,88,130
1287,88,136
1288,88,140
1289,88,143
1290,88,145
1291,90,145
1292,97,152
1293,101,157
1294,105,159
1295,102,155
1296,104,149
1297,113,144
1298,121,144
1299,125,148
1300,129,152
1301,133,158
1302,142,165
1303,149,172
1304,152,178
1305,152,183
1306,150,187
1307,147,185
1308,144,180
1309,138,174
1310,139,170
1311,141,167
1312,145,166
1313,146,167
1314,141,165
1315,140,162
1316,145,167
1317,156,171
1318,165,174
1319,171,176
1320,175,180
1321,178,185
1322,177,182
1323,176,181
1324,175,179
1325,173,177
1326,167,175
1327,158,171
1328,150,164
1329,146,158
1330,142,152
1331,139,147
1332,133,142
1333,131,138
1334,135,134
1335,135,134
1336,136,133
1337,137,133
1338,138,134
1339,140,136
1340,141,137
1341,142,138
1342,142,137
1343,141,135
1344,142,133
1345,139,130
1346,132,121
1347,125,118
1348,123,116
1349,122,118
1350,126,118
1351,126,119
1352,128,121
1353,130,123
1354,135,127
1355,147,136
1356,158,144
1357,167,152
1358,176,159
1359,185,167
1360,195,175
1361,202,182
1362,202,185
1363,202,189
1364,205,194
1365,206,196
1366,206,196
1367,205,196
1368,198,193
1369,191,188
1370,185,181
1371,178,175
1372,173,170
1373,169,166
1374,165,165
1375,161,168
1376,162,172
1377,163,173
1378,165,175
1379,168,177
1380,168,178
1381,168,178
1382,169,178
1383,170,179
1384,169,179
1385,165,175
1386,160,171
1387,157,168
1388,155,165
1389,152,163
1390,148,160
1391,147,158
1392,149,158
1393,147,156
1394,138,151
1395,131,146
1396,124,140
1397,124,139
1398,135,144
1399,146,152
1400,157,162
1401,167,172
1402,176,181
1403,182,187
1404,182,190
1405,182,190
1406,176,186
1407,176,179
1408,176,178
1409,174,176
1410,173,175
1411,173,175
1412,172,174
1413,170,173
1414,168,170
1415,166,169
1416,164,168
1417,162,166
1418,160,164
1419,154,161
1420,149,158
1421,147,159
1422,150,163
1423,155,167
1424,165,173
1425,174,179
1426,176,183
1427,172,181
1428,164,178
1429,159,178
1430,159,178
1431,156,176
1432,152,174
1433,152,173
1434,156,173
1435,158,172
1436,161,172
1437,159,174
1438,157,172
1439,155,172
1440,152,170
1441,148,170
1442,150,171
1443,151,172
1444,151,171
1445,151,171
1446,151,171
1447,151,170
1448,149,168
1449,156,168
1450,163,172
1451,167,171
1452,164,168
1453,159,164
1454,155,159
1455,152,157
1456,156,158
1457,160,160
1458,163,160
1459,162,157
1460,159,153
1461,157,150
1462,156,146
1463,155,142
1464,155,138
1465,160,140
1466,164,145
1467,168,149
1468,168,150
1469,166,147
1470,169,146
1471,172,143
1472,171,139
1473,170,141
1474,172,145
1475,175,148
1476,177,149
1477,180,152
1478,185,157
1479,184,160
1480,183,160
1481,180,159
1482,180,159
1483,181,161
1484,182,161
1485,184,163
1486,186,164
1487,186,166
1488,188,168
1489,189,169
1490,190,170
1491,191,172
1492,194,175
1493,196,178
1494,198,183
1495,199,184
1496,199,183
1497,200,184
1498,203,187
1499,209,191
1500,211,196
1501,213,202
1502,216,207
1503,217,207
1504,218,206
1505,216,204
1506,215,204
1507,215,204
1508,215,204
1509,214,202
1510,212,201
1511,210,201
1512,210,202
1513,212,204
1514,214,207
1515,211,206
1516,206,206
1517,203,205
1518,199,204
1519,200,202
1520,193,198
1521,187,193
1522,185,194
1523,187,196
1524,188,196
1525,181,192
1526,173,187
1527,165,180
1528,156,174
1529,153,174
1530,153,175
1531,153,176
1532,150,175
1533,146,172
1534,144,170
1535,142,168
1536,140,167
1537,138,165
1538,136,163
1539,137,163
1540,137,163
1541,139,163
1542,139,161
1543,135,158
1544,131,154
1545,134,150
1546,137,145
1547,141,144
1548,144,144
1549,141,145
1550,147,147
1551,154,152
1552,155,150
1553,153,148
1554,150,148
1555,153,147
1556,160,152
1557,166,158
1558,174,162
1559,175,161
1560,175,159
1561,174,157
1562,175,156
1563,179,159
1564,181,161
1565,181,162
1566,181,161
1567,182,164
1568,185,167
1569,187,170
1570,189,171
1571,188,170
1572,189,168
1573,190,166
1574,192,168
1575,191,170
1576,188,171
1577,185,172
1578,187,174
1579,190,177
1580,186,177
1581,179,176
1582,173,174
1583,167,170
1584,163,164
1585,160,162
1586,153,155
1587,146,148
1588,139,142
1589,132,135
1590,125,128
1591,118,122
1592,111,116
1593,103,108
1818,96,101
1819,91,99
1820,87,102
1821,80,104
1822,72,105
1823,63,108
1824,56,110
1825,52,110
1826,48,108
1827,43,107
1828,36,102
1829,30,96
1830,26,93
1831,22,87
1832,14,79
1833,11,72
1834,10,68
1835,13,64
1836,14,62
1837,15,62
1838,18,64
1839,21,67
1840,24,70
1841,25,72
1842,25,73
1843,25,78
1844,33,88
1845,33,96
1846,33,102
1847,33,105
1848,33,109
1849,38,111
1850,44,110
1851,49,106
1852,49,101
1853,49,94
1854,49,88
1855,49,87
1856,50,90
1857,50,94
1858,50,96
1859,50,97
1860,50,98
1861,50,102
1862,51,106
1863,48,109
1864,48,110
1865,49,112
1866,52,115
1867,51,118
1868,49,118
1869,45,116
1870,47,118
1871,47,118
1872,46,119
1873,46,117
1874,38,110
1875,44,109
1876,50,109
1877,55,110
1878,61,111
1879,60,110
1880,61,106
1881,63,107
1882,69,108
1883,73,110
1884,76,111
1885,79,110
1886,79,107
1887,85,108
1888,89,109
1889,90,109
1890,91,110
1891,93,110
1892,95,109
1893,98,110
1894,100,110
1895,96,109
1896,93,108
1897,98,111
1898,104,115
1899,109,117
1900,109,118
1901,115,120
1902,120,123
1903,126,126
1904,130,126
1905,129,124
1906,127,123
1907,127,122
1908,126,120
1909,125,122
1910,124,126
1911,125,127
1912,126,128
1913,129,130
1914,132,132
1915,135,134
1916,137,137
1917,135,136
1918,136,137
1919,141,141
1920,146,144
1921,148,145
1922,149,148
1923,151,149
1924,152,151
1925,157,153
1926,161,154
1927,161,153
1928,160,152
1929,160,152
1930,161,152
1931,161,153
1932,158,152
1933,155,150
1934,156,152
1935,159,154
1936,160,154
1937,156,153
1938,155,154
1939,155,152
1940,155,147
1941,155,146
1942,154,142
1943,151,140
1944,150,139
1945,149,138
1946,148,139
1947,150,140
1948,151,140
1949,151,140
1950,152,142
1951,155,144
1952,158,144
1953,157,144
1954,157,142
1955,157,143
1956,158,143
1957,157,142
1958,153,140
1959,150,138
1960,146,137
1961,149,134
1962,154,136
1963,156,138
1964,154,137
1965,148,134
1966,145,132
1967,147,133
1968,149,134
1969,152,136
1970,150,138
1971,147,137
1972,145,138
1973,147,139
1974,147,140
1975,147,141
1976,146,140
1977,147,141
1978,150,144
1979,154,147
1980,155,148
1981,153,147
1982,151,145
1983,151,143
1984,150,145
1985,150,145
1986,149,144
1987,149,144
1988,154,146
1989,157,149
1990,161,151
1991,160,155
1992,158,153
1993,160,153
1994,162,155
1995,167,158
1996,172,162
1997,175,164
1998,178,165
1999,179,167
2000,181,168
2001,183,170
2002,184,170
2003,185,169
2004,186,169
2005,188,170
2006,189,171
2007,187,169
2008,184,167
2009,181,165
2010,180,163
2011,179,163
2012,179,163
2013,180,164
2014,181,164
2015,181,164
2016,181,164
2017,182,165
2018,183,166
2019,183,166
2020,183,165
2021,182,164
2022,181,164
2023,181,164
2024,181,164
2025,180,163
2026,177,161
2027,175,159
2028,172,157
2029,170,155
2030,170,156
2031,173,158
2032,174,159
2033,174,160
2034,173,160
2035,172,158
2036,175,155
2037,179,157
2038,182,159
2039,183,160
2040,184,161
2041,185,162
2042,187,163
2043,187,163
2044,187,163
2045,186,162
2046,184,161
2047,185,161
2048,186,162
2049,186,161
2050,185,161
2051,187,163
2052,188,164
2053,188,164
2054,189,165
2055,191,167
2056,194,170
2057,197,171
2058,198,172
2059,199,172
2060,198,172
2061,197,171
2062,196,170
2063,196,169
2064,195,169
2065,197,172
2066,196,177
2067,196,177
2068,196,176
2069,196,177
2070,197,178
2071,198,179
2072,198,178
2073,197,178
2074,198,179
2075,201,184
2076,206,188
2077,208,190
2078,209,191
2079,212,193
2080,213,194
2081,212,193
2082,211,191
2083,210,190
2084,209,189
2085,208,188
2086,208,188
2087,208,188
2088,209,189
2089,209,189
2090,209,189
2091,209,190
2092,209,189
2093,208,188
2094,207,187
2095,207,185
2096,203,180
2097,195,178
2098,196,181
2099,194,181
2100,203,180
2101,213,178
2102,223,182
2103,217,185
2104,211,185
2105,203,179
2106,196,176
2107,196,179
2108,202,187
2109,204,189
2110,201,188
2111,196,185
2112,190,181
2113,185,176
2114,179,170
2115,172,165
2116,170,165
2117,166,165
2118,160,164
2119,154,161
2120,147,156
2121,140,152
2122,134,150
2123,131,151
2124,129,154
2125,131,157
2126,137,164
2127,144,166
2128,143,163
2129,144,162
2130,133,162
2131,123,164
2132,113,162
2133,119,159
2134,127,159
2135,134,165
2136,141,168
2137,141,165
2138,134,158
2139,132,157
2140,134,158
2141,142,162
2142,149,169
2143,156,175
2144,160,180
2145,165,183
2146,166,185
2147,171,186
2148,178,188
2149,185,192
2150,192,198
2151,198,202
2152,206,206
2153,211,207
2154,215,207
2155,213,204
2156,210,202
2157,208,201
2158,207,199
2159,205,197
2160,203,196
2161,202,194
2162,201,192
2163,200,191
2164,198,188
2165,194,185
2166,190,180
2167,184,174
2168,179,168
2169,176,165
2170,171,162
2171,166,159
2172,164,155
2173,162,153
2174,161,152
2175,160,150
2176,157,147
2177,155,144
2178,153,142
2179,151,140
2180,150,140
2181,149,139
2182,147,136
2183,144,133
2184,142,131
2185,141,130
2186,139,128
2187,139,127
2188,138,127
2189,138,128
2190,138,127
2191,138,127
2192,136,128
2193,131,126
2194,126,124
2195,124,123
2196,124,124
2197,126,126
2198,123,126
2199,119,124
2200,116,120
2201,114,119
2202,109,120
2203,113,126
2204,120,132
2205,120,136
2206,120,137
2207,115,134
2208,109,129
2209,104,124
2210,98,118
2211,93,113
2212,87,108
2213,82,104
2214,78,100
2215,73,95
2216,69,95
2217,63,97
2218,58,101
2219,55,105
2220,59,111
2221,65,117
2222,68,124
2223,75,131
2224,84,136
2225,93,144
2226,100,150
2227,107,156
2228,118,164
2229,130,174
2230,141,184
2231,152,192
2232,162,198
2233,163,196
2234,162,195
2235,168,196
2236,174,200
2237,183,207
2238,192,215
2239,200,222
2240,206,228
2241,210,232
2242,211,233
2243,219,236
2244,226,239
2245,234,245
2246,236,245
2247,236,241
2248,236,234
2249,233,224
2250,224,213
2251,214,203
2252,211,195
2253,214,196
2254,215,199
2255,211,196
2256,208,193
2257,205,190
2258,202,188
2259,198,184
2260,194,180
2261,190,176
2262,185,172
2263,181,168
2264,177,164
2265,173,161
2266,169,158
2267,164,154
2268,159,150
2269,151,146
2270,145,142
2271,141,139
2272,140,139
2273,133,140
2274,131,141
2275,137,148
2276,148,154
2277,159,162
2278,170,169
2279,170,175
2280,170,178
2281,173,183
2282,178,188
2283,178,189
2284,180,191
2285,185,195
2286,188,200
2287,193,205
2288,197,210
2289,202,217
2290,207,223
2291,212,229
2292,217,236
2293,224,242
2294,223,245
2295,220,246
2296,223,250
2297,229,255
2298,235,260
2299,244,265
2300,253,270
2301,261,277
2302,270,283
2303,278,287
2304,280,290
2305,275,285
2306,270,280
2307,265,276
2308,263,274
2309,272,275
2310,280,279
2311,283,281
2312,281,278
2313,278,273
2314,274,267
2315,269,262
2316,264,255
2317,259,249
2318,254,242
2319,248,235
2320,242,228
2321,237,222
2322,233,216
2323,227,210
2324,227,208
2325,230,205
2326,225,201
2327,223,200
2328,220,197
2329,218,196
2330,217,195
2331,216,193
2332,214,192
2333,211,190
2334,208,187
2335,201,185
2336,195,180
2337,193,178
2338,191,175
2339,186,172
2340,186,168
2341,185,166
2342,186,167
2343,186,167
2344,185,167
2345,185,166
2346,184,165
2347,185,165
2348,185,166
2349,186,167
2350,188,169
2351,191,173
2352,194,176
2353,197,179
2354,200,181
2355,203,185
2356,207,186
2357,206,185
2358,205,184
2359,205,184
2360,205,184
2361,204,184
2362,204,183
2363,204,184
2364,206,185
2365,210,186
2366,214,189
2367,215,190
2368,217,191
2369,219,194
2370,218,197
2371,218,199
2372,218,199
2373,218,200
2374,218,200
2375,218,203
2376,222,207
2377,220,211
2378,217,213
2379,213,213
2380,209,208
2381,206,203
2382,202,200
2383,200,198
2384,197,196
2385,195,193
2386,192,192
2387,188,189
2388,186,188
2389,185,188
2390,184,186
2391,183,185
2392,184,186
2393,184,186
2394,185,187
2395,186,187
2396,188,188
2397,189,190
2398,190,190
2399,191,190
2400,191,190
2401,190,189
2402,188,188
2403,188,187
2404,188,186
2405,187,183
2406,182,179
2407,183,173
2408,183,168
2409,184,167
2410,186,168
2411,186,170
2412,187,170
2413,187,170
2414,188,170
2415,189,171
2416,191,172
2417,197,176
2418,201,179
2419,204,181
2420,207,183
2421,209,186
2422,211,187
2423,212,188
2424,212,187
2425,210,187
2426,210,188
2427,211,190
2428,212,191
2429,215,194
2430,217,195
2431,218,199
2432,220,203
2433,223,207
2434,229,214
2435,237,222
2436,244,232
2437,251,240
2438,258,248
2439,264,255
2440,270,262
2441,275,268
2442,280,274
2443,283,277
2444,286,280
2445,286,280
2446,285,278
2447,283,278
2448,282,278
2449,281,277
2450,278,275
2451,275,273
2452,273,270
2453,270,268
2454,270,269
2455,271,268
2456,269,266
2457,268,265
2458,267,264
2459,266,263
2460,267,265
2461,269,263
2462,268,262
2463,267,258
2464,261,252
2465,256,246
2466,251,242
2467,248,238
2468,246,233
2469,243,229
2470,240,225
2471,237,222
2472,234,217
2473,231,217
2474,232,219
2475,235,224
2476,239,230
2477,243,234
2478,246,238
2479,249,242
2480,243,246
2481,237,249
2482,231,252
2483,225,256
2484,229,259
2485,231,261
2486,232,262
2487,233,266
2488,237,270
2489,239,273
2490,240,275
2491,241,279
2492,243,282
2493,239,281
2494,235,279
2495,233,277
2496,232,273
2497,227,268
2498,221,263
2499,214,257
2500,207,251
2501,199,244
2502,195,241
2503,193,236
2504,187,231
2505,181,224
2506,178,219
2507,175,214
2508,172,210
2509,169,206
2510,176,203
2511,184,201
2512,192,200
2513,200,198
2514,199,197
2515,201,197
2516,202,198
2517,202,196
2518,199,192
2519,197,189
2520,195,185
2521,193,181
2522,191,177
2523,194,178
2524,197,180
2525,200,183
2526,203,186
2527,208,191
2528,214,196
2529,223,203
2530,232,210
2531,240,218
2532,245,222
2533,249,225
2534,253,228
2535,258,232
2536,260,234
2537,262,237
2538,264,239
2539,268,242
2540,270,245
2541,273,247
2542,275,250
2543,277,252
2544,279,254
2545,279,255
2546,279,255
2547,278,256
2548,280,261
2549,284,266
2550,287,271
2551,283,274
2552,279,272
2553,280,273
2554,283,276
2555,283,274
2556,280,272
2557,277,269
2558,274,266
2559,268,262
2560,261,255
2561,254,248
2562,249,242
2563,243,238
2564,236,232
2565,228,226
2566,220,219
2567,214,216
2568,210,212
2569,205,207
2570,200,202
2571,195,197
2572,191,193
2573,188,189
2574,186,188
2575,185,186
2576,183,184
2577,181,181
2578,175,174
2579,168,166
2580,160,157
2581,160,148
2582,159,143
2583,155,140
2584,151,136
2585,148,133
2586,145,131
2587,143,130
2588,142,129
2589,144,129
2590,148,133
2591,153,138
2592,156,142
2593,162,145
2594,168,150
2595,171,154
2596,177,159
2597,181,161
2598,184,163
2599,187,166
2600,191,169
2601,194,172
2602,197,175
2603,199,177
2604,200,177
2605,203,179
2606,206,183
2607,212,187
2608,214,190
2609,217,194
2610,224,200
2611,230,208
2612,237,217
2613,243,221
2614,248,225
2615,253,230
2616,259,235
2617,265,240
2618,270,245
2619,272,248
2620,273,252
2621,278,256
2622,282,260
2623,285,264
2624,290,267
2625,296,272
2626,299,274
2627,302,276
2628,304,279
2629,306,281
2630,308,284
2631,310,286
2632,312,288
2633,313,289
2634,313,290
2635,314,290
2636,313,290
2637,311,289
2638,311,288
2639,312,286
2640,310,284
2641,308,282
2642,305,279
2643,303,277
2644,300,275
2645,298,273
2646,295,270
2647,291,267
2648,283,260
2649,278,254
2650,275,250
2651,264,242
2652,255,233
2653,247,225
2654,239,218
2655,232,210
2656,226,202
2657,220,197
2658,216,193
2659,212,190
2660,208,186
2661,204,182
2662,200,179
2663,197,176
2664,195,173
2665,190,169
2666,185,165
2667,178,160
2668,172,155
2669,168,152
2670,160,147
2671,152,141
2672,145,135
2673,137,129
2674,130,122
2675,122,115
2676,114,108
2677,108,102
2678,105,100
2679,107,101
2680,111,105
2681,116,109
2682,120,111
2683,122,110
2684,125,112
2685,126,115
2686,128,119
2687,130,121
2688,130,121
2689,131,122
2690,131,122
2691,132,123
2692,132,123
2693,133,124
2694,133,124
2695,135,125
2696,138,128
2697,144,133
2698,148,136
2699,156,142
2700,166,150
2701,176,158
2702,185,167
2703,195,177
2704,206,188
2705,218,202
2706,231,216
2707,243,229
2708,257,242
2709,265,251
2710,269,258
2711,276,265
2712,283,275
2713,290,287
2714,296,294
2715,301,302
2716,306,308
2717,311,314
2718,315,320
2719,318,325
2720,322,331
2721,326,336
2722,330,341
2723,334,346
2724,339,352
2725,343,358
2726,345,363
2727,349,367
2728,354,373
2729,355,376
2730,356,378
2731,357,380
2732,357,381
2733,358,382
2734,359,381
2735,357,379
2736,354,376
2737,346,374
2738,338,365
2739,331,357
2740,324,349
2741,317,340
2742,310,331
2743,302,322
2744,296,314
2745,291,307
2746,286,300
2747,281,294
2748,277,288
2749,267,282
2750,262,276
2751,258,270
2752,253,264
2753,249,259
2754,245,253
2755,241,247
2756,236,240
2757,231,235
2758,226,227
2759,218,222
2760,211,217
2761,208,212
2762,205,206
2763,200,200
2764,196,194
2765,192,189
2766,187,183
2767,189,178
2768,190,179
2769,190,178
2770,190,176
2771,189,176
2772,189,176
2773,188,175
2774,184,175
2775,184,177
2776,186,179
2777,188,183
2778,191,185
2779,201,188
2780,203,190
2781,206,193
2782,208,194
2783,206,195
2784,205,197
2785,207,199
2786,209,201
2787,211,202
2788,213,203
2789,216,201
2790,217,200
2791,214,197
2792,211,196
2793,209,195
2794,208,194
2795,206,194
2796,206,193
2797,204,192
2798,201,192
2799,202,193
2800,202,194
2801,204,195
2802,206,197
2803,209,199
2804,213,198
2805,213,196
2806,211,194
2807,208,191
2808,205,188
2809,202,186
2810,199,184
2811,198,183
2812,197,182
2813,199,182
2814,201,182
2815,201,182
2816,201,182
2817,199,184
2818,199,188
2819,203,191
2820,208,194
2821,211,198
2822,216,203
2823,222,207
2824,227,211
2825,231,216
2826,235,219
2827,237,224
2828,241,229
2829,246,234
2830,251,238
2831,255,243
2832,260,247
2833,265,252
2834,269,257
2835,274,261
2836,279,264
2837,283,266
2838,285,268
2839,287,269
2840,289,269
2841,289,269
2842,289,269
2843,288,267
2844,286,264
2845,283,260
2846,278,255
2847,273,250
2848,267,245
2849,261,240
2850,255,233
2851,245,226
2852,235,217
2853,225,209
2854,216,203
2855,206,199
2856,203,198
2857,202,194
2858,202,189
2859,197,184
2860,190,177
2861,184,171
2862,177,166
2863,171,160
2864,165,156
2865,159,153
2866,155,151
2867,152,150
2868,151,150
2869,150,149
2870,146,148
2871,146,149
2872,147,151
2873,148,153
2874,151,156
2875,154,159
2876,160,165
2877,168,170
2878,174,175
2879,179,180
2880,184,187
2881,192,197
2882,203,209
2883,215,220
2884,227,229
2885,239,236
2886,244,241
2887,249,247
2888,253,253
2889,258,259
2890,264,266
2891,268,268
2892,270,272
2893,272,277
2894,279,281
2895,273,285
2896,267,287
2897,260,288
2898,251,289
2899,244,290
2900,249,290
2901,247,288
2902,245,287
2903,244,285
2904,242,282
2905,238,278
2906,228,271
2907,218,262
2908,208,255
2909,198,250
2910,193,247
2911,188,242
2912,183,235
2913,177,228
2914,171,221
2915,165,214
2916,160,208
2917,154,201
2918,148,195
2919,143,189
2920,131,181
2921,122,177
2922,115,169
2923,107,165
2924,99,161
2925,104,157
2926,111,154
2927,117,151
2928,123,148
2929,129,146
2930,125,146
2931,126,145
2932,125,146
2933,125,146
2934,125,146
2935,124,147
2936,127,150
2937,134,154
2938,139,157
2939,145,158
2940,147,158
2941,149,159
2942,150,160
2943,152,162
2944,153,164
2945,156,166
2946,158,168
2947,160,171
2948,164,174
2949,167,176
2950,176,180
2951,184,184
2952,191,190
2953,199,191
2954,203,192
2955,206,194
2956,208,196
2957,210,198
2958,213,199
2959,214,200
2960,213,201
2961,215,203
2962,218,204
2963,219,205
2964,220,207
2965,223,209
2966,227,210
2967,229,212
2968,230,215
2969,233,217
2970,237,220
2971,240,221
2972,241,222
2973,242,222
2974,242,223
2975,243,224
2976,243,225
2977,243,224
2978,241,225
2979,241,227
2980,243,231
2981,247,234
2982,251,236
2983,253,238
2984,254,239
2985,255,240
2986,253,245
2987,255,250
2988,259,256
2989,264,263
2990,271,268
2991,274,272
2992,278,277
2993,280,281
2994,283,286
2995,287,290
2996,290,294
2997,292,298
2998,295,301
2999,296,304
3000,298,307
3001,294,303
3002,289,301
3003,287,299
3004,285,296
3005,282,291
3006,278,287
3007,275,285
3008,274,282
3009,272,278
3010,267,273
3011,263,270
3012,258,266
3013,255,264
3014,253,261
3015,251,257
3016,247,252
3017,245,246
3018,240,239
3019,234,232
3020,229,226
3021,223,219
3022,218,213
3023,213,207
3024,208,202
3025,204,198
3026,200,194
3027,198,191
3028,196,187
3029,194,182
3030,192,179
3031,195,181
3032,200,183
3033,201,184
3034,202,187
3035,205,191
3036,209,196
3037,214,198
3038,217,200
3039,219,201
3040,220,201
3041,220,201
3042,220,202
3043,221,203
3044,222,204
3045,223,207
3046,228,206
3047,228,206
3048,229,208
3049,230,206
3050,229,206
3051,228,208
3052,230,210
3053,233,213
3054,236,215
3055,239,217
3056,242,219
3057,244,222
3058,245,224
3059,247,226
3060,248,228
3061,250,230
3062,250,234
3063,253,239
3064,256,243
3065,259,247
3066,262,250
3067,263,253
3068,264,257
3069,267,262
3070,270,266
3071,273,269
3072,275,272
3073,277,275
3074,278,277
3075,280,280
3076,278,280
3077,275,278
3078,272,278
3079,270,280
3080,272,280
3081,274,279
3082,272,277
3083,271,275
3084,269,272
3085,265,268
3086,261,265
3087,257,261
3088,253,255
3089,246,250
3090,241,247
3091,238,244
3092,236,238
3093,232,232
3094,227,225
3095,222,219
3096,217,213
3097,212,207
3098,208,201
3099,198,196
3100,187,191
3101,177,187
3102,167,184
3103,158,182
3104,155,178
3105,150,175
3106,152,174
3107,154,176
3108,157,176
3109,159,177
3110,159,177
3111,159,177
3112,159,177
3113,158,175
3114,156,173
3115,153,170
3116,146,166
3117,140,162
3118,135,158
3119,132,154
3120,128,149
3121,122,143
3122,116,138
3123,110,132
3124,104,135
3125,100,141
3126,102,148
3127,109,155
3128,115,163
3129,120,166
3130,124,165
3131,130,166
3132,138,169
3133,150,173
3134,155,177
3135,160,179
3136,162,181
3137,163,183
3138,165,185
3139,166,186
3140,167,187
3141,167,187
3142,167,188
3143,167,190
3144,169,193
3145,172,196
3146,179,202
3147,187,210
3148,193,215
3149,198,223
3150,207,231
3151,216,239
3152,224,246
3153,232,254
3154,240,253
3155,246,249
3156,246,243
3157,241,238
3158,237,231
3159,240,230
3160,244,231
3161,245,231
3162,245,229
3163,241,226
3164,239,224
3165,237,223
3166,237,222
3167,237,221
3168,238,220
3169,237,220
3170,238,220
3171,237,219
3172,237,219
3173,238,219
3174,239,219
3175,240,219
3176,240,218
3177,240,216
3178,241,217
3179,243,214
3180,241,213
3181,240,211
3182,238,210
3183,237,210
3184,238,209
3185,237,209
3186,237,209
3187,236,209
3188,236,208
3189,236,206
3190,234,206
3191,232,205
3192,231,203
3193,230,202
3194,229,201
3195,228,200
3196,227,199
3197,225,198
3198,225,198
3199,224,198
3200,224,199
3201,225,199
3202,225,199
3203,226,200
3204,226,200
3205,226,200
3206,226,200
3207,226,201
3208,228,203
3209,229,204
3210,230,205
3211,231,207
3212,233,209
3213,235,210
3214,236,211
3215,238,212
3216,239,213
3217,240,213
3218,240,214
3219,241,216
3220,244,217
3221,245,218
3222,246,219
3223,240,219
3224,232,217
3225,224,213
3226,221,209
3227,217,209
3228,216,208
3229,215,208
3230,214,208
3231,214,208
3232,214,208
3233,214,207
3234,214,207
3235,213,206
3236,212,205
3237,211,204
3238,209,203
3239,208,202
3240,206,201
3241,205,200
3242,204,199
3243,202,199
3244,202,198
3245,201,198
3246,201,197
3247,200,196
3248,200,196
3249,200,196
3250,200,196
3251,200,196
3252,200,195
3253,208,196
3254,215,198
3255,223,203
3256,227,206
3257,230,206
3258,230,205
3259,229,203
3260,227,201
3261,226,201
3262,225,201
3263,225,202
3264,226,202
3265,226,203
3266,227,203
3267,228,203
3268,228,203
3269,228,202
3270,227,202
3271,227,201
3272,226,200
3273,226,200
3274,225,199
3275,225,199
3276,225,200
3277,225,200
3278,226,201
3279,226,203
3280,227,203
3281,228,203
3282,227,203
3283,227,203
3284,228,203
3285,229,203
3286,228,203
3287,228,203
3288,229,204
3289,230,204
3290,231,205
3291,232,205
3292,232,205
3293,232,205
3294,231,205
3295,231,205
3296,232,206
3297,233,207
3298,234,208
3299,235,208
3300,236,209
3301,236,210
3302,237,210
3303,237,210
3304,237,211
3305,237,212
3306,238,212
3307,238,213
3308,239,213
3309,239,213
3310,229,215
3311,221,218
3312,213,222
3313,206,225
3314,197,229
3315,199,234
3316,200,240
3317,203,247
3318,206,256
3319,213,266
3320,221,276
3321,230,287
3322,238,297
3323,247,307
3324,256,316
3325,264,325
3326,270,334
3327,277,343
3328,283,350
3329,292,358
3330,301,366
3331,308,372
3332,314,374
3333,313,373
3334,311,380
3335,314,386
3336,319,391
3337,324,394
3338,327,398
3339,331,401
3340,344,403
3341,357,405
3342,369,406
3343,382,406
3344,394,407
3345,397,407
3346,403,405
3347,404,403
3348,405,399
3349,403,393
3350,399,387
3351,395,380
3352,389,374
3353,383,366
3354,377,360
3355,372,354
3356,369,349
3357,364,343
3358,360,337
3359,352,332
3360,346,328
3361,343,325
3362,341,325
3363,345,328
3364,349,323
3365,349,319
3366,344,315
3367,339,311
3368,334,310
3369,333,308
3370,331,306
3371,328,303
3372,326,301
3373,324,300
3374,322,298
3375,319,296
3376,316,295
3377,315,294
3378,314,293
3379,314,294
3380,315,295
3381,315,296
3382,317,297
3383,318,299
3384,320,301
3385,322,301
3386,323,302
3387,324,302
3388,326,303
3389,328,304
3390,327,303
3391,326,303
3392,326,303
3393,325,303
3394,324,304
3395,325,304
3396,326,306
3397,328,308
3398,332,307
3399,331,307
3400,330,306
3401,329,307
3402,329,307
3403,329,307
3404,329,307
3405,329,307
3406,329,307
3407,328,309
3408,329,309
3409,329,305
3410,326,305
3411,322,307
3412,325,309
3413,327,311
3414,329,312
3415,328,313
3416,328,314
3417,330,315
3418,331,315
3419,332,317
3420,332,317
3421,333,317
3422,333,317
3423,332,317
3424,333,316
3425,332,314
3426,330,311
3427,327,307
3428,322,302
3429,315,300
3430,311,297
3431,310,292
3432,304,287
3433,294,279
3434,284,270
3435,273,263
3436,263,259
3437,258,256
3438,256,251
3439,243,248
3440,235,239
3441,226,225
3442,210,212
3443,196,204
3444,183,196
3445,174,188
3446,162,178
3447,150,168
3448,138,162
3449,131,156
3450,125,153
3451,122,153
3452,124,154
3453,125,156
3454,126,155
3455,122,152
3456,115,154
3457,112,158
3458,117,163
3459,123,163
3460,126,166
3461,127,168
3462,130,170
3463,135,171
3464,135,174
3465,135,172
3466,135,167
3467,130,158
3468,119,151
3469,119,149
3470,122,153
3471,127,160
3472,134,165
3473,140,168
3474,149,172
3475,155,176
3476,163,181
3477,169,185
3478,175,186
3479,176,186
3480,176,183
3481,173,179
3482,167,174
3483,161,169
3484,157,167
3485,158,167
3486,163,164
3487,164,160
3488,160,157
3489,157,155
3490,155,154
3491,154,153
3492,153,155
3493,156,159
3494,165,164
3495,174,170
3496,182,177
3497,190,182
3498,197,189
3499,202,196
3500,209,198
3501,213,197
3502,213,199
3503,215,198
3504,214,197
3505,213,196
3506,214,197
3507,215,198
3508,217,201
3509,220,204
3510,224,208
3511,229,212
3512,233,215
3513,236,217
3514,239,220
3515,242,223
3516,245,224
3517,247,224
3518,247,224
3519,247,223
3520,246,221
3521,244,219
3522,243,217
3523,240,214
3524,238,211
3525,234,207
3526,228,204
3527,224,204
3528,222,201
3529,224,197
3530,221,193
3531,220,191
3532,219,190
3533,217,187
3534,215,184
3535,211,179
3536,204,174
3537,197,170
3538,190,166
3539,183,160
3540,176,155
3541,171,152
3542,167,149
3543,165,148
3544,163,147
3545,162,145
3546,162,142
3547,159,141
3548,157,142
3549,158,142
3550,159,145
3551,162,149
3552,166,152
3553,170,155
3554,173,158
3555,178,162
3556,183,165
3557,188,168
3558,192,172
3559,194,176
3560,196,180
3561,198,182
3562,200,184
3563,202,187
3564,205,190
3565,209,194
3566,216,200
3567,223,205
3568,231,210
3569,239,216
3570,246,220
3571,251,223
3572,255,225
3573,257,226
3574,258,226
3575,258,227
3576,258,231
3577,262,233
3578,265,234
3579,266,236
3580,268,238
3581,269,237
3582,269,237
3583,268,237
3584,268,238
3585,269,239
3586,269,239
3587,267,240
3588,267,241
3589,268,242
3590,269,243
3591,270,244
3592,271,246
3593,273,248
3594,275,250
3595,277,252
3596,278,252
3597,279,252
3598,279,252
3599,279,252
3600,279,252
3601,278,252
3602,278,252
3603,279,253
3604,279,254
3605,280,255
3606,281,255
3607,282,257
3608,283,259
3609,285,260
3610,286,261
3611,286,260
3612,284,259
3613,283,259
3614,281,257
3615,280,256
3616,279,254
3617,280,251
3618,278,249
3619,274,246
3620,271,244
3621,269,242
3622,266,239
3623,264,236
3624,261,233
3625,258,231
3626,255,229
3627,252,226
3628,249,224
3629,246,221
3630,243,219
3631,241,217
3632,238,215
3633,236,213
3634,234,210
3635,232,209
3636,230,207
3637,228,205
3638,226,202
3639,224,200
3640,223,198
3641,221,197
3642,221,197
3643,222,196
3644,222,196
3645,222,196
3646,223,198
3647,224,199
3648,226,200
3649,227,201
3650,228,201
3651,229,203
3652,230,203
3653,231,204
3654,232,207
3655,235,210
3656,238,213
3657,241,216
3658,244,219
3659,247,221
3660,250,223
3661,252,226
3662,255,229
3663,258,232
3664,261,234
3665,264,237
3666,267,240
3667,270,244
3668,274,247
3669,278,252
3670,282,256
3671,286,260
3672,290,264
3673,294,268
3674,299,273
3675,302,276
3676,303,281
3677,307,287
3678,313,292
3679,318,296
3680,322,300
3681,326,304
3682,329,308
3683,333,312
3684,337,315
3685,338,315
3686,334,315
3687,334,315
3688,334,315
3689,334,317
3690,335,318
3691,336,318
3692,336,317
3693,334,314
3694,330,311
3695,326,308
3696,322,304
3697,317,300
3698,313,296
3699,308,291
3700,303,287
3701,298,282
3702,292,277
3703,287,271
3704,281,265
3705,276,261
3706,274,255
3707,268,248
3708,260,240
3709,252,233
3710,245,227
3711,239,221
3712,232,215
3713,227,210
3714,222,205
3715,218,201
3716,219,198
3717,215,194
3718,212,191
3719,208,188
3720,205,184
3721,201,182
3722,198,179
3723,196,177
3724,194,174
3725,191,173
3726,190,172
3727,188,170
3728,186,167
3729,183,164
3730,179,161
3731,175,157
3732,171,155
3733,166,154
3734,166,152
3735,165,151
3736,164,150
3737,163,150
3738,164,152
3739,166,154
3740,169,156
3741,172,159
3742,175,159
3743,175,162
3744,175,165
3745,179,168
3746,183,171
3747,187,175
3748,191,178
3749,194,182
3750,198,186
3751,203,189
3752,207,193
3753,212,197
3754,217,202
3755,223,205
3756,227,207
3757,229,210
3758,232,213
3759,235,215
3760,238,217
3761,240,219
3762,240,220
3763,242,218
3764,241,215
3765,239,215
3766,237,214
3767,236,212
3768,232,210
3769,230,209
3770,228,207
3771,226,204
3772,222,202
3773,219,197
3774,213,194
3775,206,191
3776,203,188
3777,200,184
3778,196,181
3779,193,179
3780,190,176
3781,186,173
3782,183,170
3783,180,167
3784,177,165
3785,174,163
3786,173,163
3787,173,164
3788,174,165
3789,176,167
3790,179,169
3791,182,173
3792,186,176
3793,191,180
3794,195,186
3795,200,189
3796,206,193
3797,210,198
3798,216,201
3799,220,203
3800,224,206
3801,226,208
3802,229,212
3803,234,216
3804,242,218
3805,248,220
3806,249,221
3807,250,224
3808,253,224
3809,254,225
3810,255,226
3811,256,226
3812,257,227
3813,257,227
3814,257,227
3815,257,226
3816,258,225
3817,256,225
3818,255,223
3819,255,223
3820,254,224
3821,255,224
3822,257,224
3823,255,224
3824,255,223
3825,254,222
3826,253,221
3827,252,220
3828,250,218
3829,248,217
3830,247,217
3831,245,215
3832,242,212
3833,238,210
3834,235,206
3835,231,203
3836,227,198
3837,221,192
3838,212,186
3839,204,179
3840,196,172
3841,188,165
3842,180,158
3843,172,155
3844,165,155
3845,164,155
3846,162,153
3847,159,148
3848,152,143
3849,146,138
3850,139,135
3851,136,132
3852,127,129
3853,118,125
3854,110,120
3855,106,116
3856,101,112
3857,95,108
3858,90,107
3859,87,104
3860,81,101
3861,76,100
3862,75,101
3863,76,99
3864,72,97
3865,69,97
3866,68,98
3867,70,99
3868,70,99
3869,70,100
3870,70,100
3871,70,100
3872,70,100
3873,70,101
3874,70,104
3875,70,110
3876,77,119
3877,87,127
3878,95,132
3879,97,134
3880,102,137
3881,106,140
3882,114,143
3883,122,148
3884,130,152
3885,134,156
3886,139,160
3887,144,164
3888,148,165
3889,151,167
3890,156,171
3891,162,174
3892,166,175
3893,168,178
3894,172,181
3895,177,183
3896,179,183
3897,180,186
3898,185,188
3899,193,194
3900,200,202
3901,208,209
3902,216,216
3903,224,218
3904,230,213
3905,230,202
3906,222,192
3907,214,185
3908,209,183
3909,209,178
3910,206,175
3911,200,173
3912,195,170
3913,187,165
3914,179,159
3915,171,152
3916,164,149
3917,160,152
3918,166,157
3919,171,159
3920,174,158
3921,172,153
3922,166,153
3923,164,154
3924,165,156
3925,167,159
3926,161,164
3927,156,169
3928,151,171
3929,144,174
3930,145,176
3931,147,179
3932,150,181
3933,154,185
3934,158,191
3935,165,200
3936,170,207
3937,175,212
3938,180,218
3939,188,227
3940,195,232
3941,203,236
3942,211,242
3943,222,248
3944,232,255
3945,241,263
3946,250,266
3947,256,265
3948,252,262
3949,250,262
3950,249,264
3951,252,269
3952,258,270
3953,263,271
3954,265,272
3955,267,273
3956,278,272
3957,286,270
3958,295,272
3959,304,270
3960,304,269
3961,303,267
3962,300,265
3963,298,262
3964,295,259
3965,292,255
3966,288,251
3967,284,247
3968,280,243
3969,275,239
3970,271,235
3971,267,231
3972,262,228
3973,259,225
3974,256,223
3975,254,222
3976,252,220
3977,250,218
3978,247,216
3979,245,214
3980,243,213
3981,243,212
3982,242,211
3983,240,210
3984,238,207
3985,234,204
3986,232,203
3987,231,202
3988,230,202
3989,229,200
3990,228,198
3991,223,196
3992,221,195
3993,220,195
3994,219,195
3995,218,194
3996,216,193
3997,215,192
3998,214,192
3999,213,192
4000,213,192
4001,213,192
4002,213,193
4003,213,193
4004,212,192
4005,212,192
4006,211,192
4007,211,193
4008,211,194
4009,212,195
4010,213,196
4011,213,197
4012,214,198
4013,215,198
4014,216,199
4015,217,199
4016,216,197
4017,214,196
4018,213,196
4019,212,195
4020,211,195
4021,212,193
4022,212,190
4023,210,190
4024,210,190
4025,209,189
4026,206,189
4027,207,188
4028,206,185
4029,202,182
4030,200,181
4031,199,180
4032,198,179
4033,198,178
4034,196,176
4035,195,175
4036,194,174
4037,192,172
4038,191,169
4039,188,166
4040,185,163
4041,181,160
4042,178,157
4043,175,155
4044,173,154
4045,172,154
4046,173,154
4047,174,155
4048,176,157
4049,178,159
4050,179,161
4051,182,164
4052,185,167
4053,189,169
4054,190,171
4055,194,174
4056,200,176
4057,202,179
4058,205,185
4059,212,190
4060,217,194
4061,221,196
4062,223,198
4063,225,200
4064,229,204
4065,232,207
4066,236,210
4067,240,212
4068,242,214
4069,245,217
4070,248,220
4071,252,223
4072,255,226
4073,258,228
4074,261,230
4075,262,232
4076,264,232
4077,264,233
4078,264,232
4079,264,233
4080,264,233
4081,265,234
4082,266,234
4083,267,234
4084,267,233
4085,266,232
4086,264,232
4087,264,232
4088,264,231
4089,263,230
4090,262,229
4091,261,229
4092,261,230
4093,262,230
4094,261,230
4095,261,229
4096,260,228
4097,258,227
4098,257,227
4099,257,227
4100,257,227
4101,256,227
4102,255,227
4103,255,226
4104,254,225
4105,253,225
4106,253,224
4107,252,223
4108,251,222
4109,250,221
4110,248,219
4111,245,217
4112,242,214
4113,240,213
4114,238,212
4115,237,212
4116,238,212
4117,237,212
4118,237,212
4119,237,211
4120,236,211
4121,236,210
4122,236,210
4123,236,210
4124,235,209
4125,234,208
4126,233,208
4127,233,208
4128,233,208
4129,232,207
4130,232,207
4131,232,207
4132,232,207
4133,231,206
4134,231,206
4135,230,206
4136,230,206
4137,230,207
4138,231,208
4139,231,208
4140,232,208
4141,232,210
4142,234,211
4143,236,212
4144,236,212
4145,236,213
4146,237,213
4147,238,214
4148,240,216
4149,241,216
4150,241,217
4151,241,218
4152,241,217
4153,240,216
4154,239,215
4155,238,215
4156,238,214
4157,236,213
4158,235,211
4159,234,211
4160,233,211
4161,233,211
4162,234,213
4163,235,214
4164,236,215
4165,237,215
4166,237,215
4167,236,214
4168,235,214
4169,235,213
4170,234,213
4171,234,212
4172,233,212
4173,234,212
4174,234,212
4175,234,212
4176,232,210
4177,228,206
4178,223,205
4179,222,204
4180,222,204
4181,222,203
4182,222,202
4183,221,202
4184,220,202
4185,221,202
4186,221,203
4187,223,204
4188,224,204
4189,225,204
4190,225,204
4191,225,202
4192,223,200
4193,222,199
4194,221,199
4195,221,198
4196,220,197
4197,220,198
4198,221,200
4199,223,203
4200,226,205
4201,227,206
4202,227,206
4203,227,205
4204,226,204
4205,224,205
4206,226,207
4207,229,209
4208,233,210
4209,233,211
4210,234,212
4211,234,213
4212,235,214
4213,237,217
4214,240,219
4215,242,221
4216,243,220
4217,242,222
4218,243,229
4219,250,235
4220,255,240
4221,252,246
4222,250,247
4223,249,248
4224,251,249
4225,251,251
4226,253,252
4227,254,252
4228,252,252
4229,252,251
4230,252,251
4231,252,250
4232,251,249
4233,251,249
4234,251,249
4235,251,247
4236,249,245
4237,248,245
4238,248,244
4239,246,242
4240,245,241
4241,243,240
4242,241,238
4243,240,237
4244,238,236
4245,237,235
4246,237,235
4247,238,233
4248,236,228
4249,230,222
4250,225,217
4251,228,212
4252,230,209
4253,230,210
4254,227,210
4255,228,211
4256,229,212
4257,230,212
4258,233,212
4259,234,212
4260,233,210
4261,231,207
4262,228,206
4263,225,206
4264,225,205
4265,224,204
4266,222,203
4267,221,202
4268,220,200
4269,218,199
4270,217,198
4271,216,197
4272,215,197
4273,213,196
4274,211,196
4275,211,195
4276,210,193
4277,207,189
4278,208,184
4279,209,182
4280,210,185
4281,208,185
4282,202,184
4283,198,177
4284,193,173
4285,187,169
4286,184,166
4287,179,161
4288,170,153
4289,161,145
4290,152,139
4291,145,135
4292,141,130
4293,136,124
4294,129,119
4295,123,114
4296,118,109
4297,112,104
4298,106,110
4299,108,116
4300,113,123
4301,118,128
4302,118,127
4303,117,128
4304,115,130
4305,108,129
4306,102,127
4307,99,130
4308,95,135
4309,94,137
4310,93,134
4311,94,134
4312,100,136
4313,105,140
4314,109,140
4315,110,139
4316,109,139
4317,110,141
4318,116,145
4319,122,150
4320,128,155
4321,133,159
4322,138,164
4323,144,168
4324,147,172
4325,152,178
4326,159,183
4327,165,188
4328,172,182
4329,171,176
4330,166,170
4331,161,166
4332,162,166
4333,166,166
4334,170,164
4335,175,164
4336,174,166
4337,173,166
4338,168,164
4339,160,163
4340,153,161
4341,153,160
4342,149,156
4343,144,155
4344,142,154
4345,142,154
4346,140,152
4347,141,152
4348,142,152
4349,141,152
4350,140,151
4351,135,148
4352,130,148
4353,128,149
4354,128,149
4355,126,147
4356,125,146
4357,125,146
4358,124,145
4359,122,143
4360,120,139
4361,116,136
4362,112,134
4363,106,131
4364,102,129
4365,98,125
4366,99,124
4367,101,121
4368,104,118
4369,106,118
4370,112,118
4371,112,118
4372,115,121
4373,118,123
4374,119,123
4375,119,121
4376,118,126
4377,119,130
4378,122,132
4379,125,134
4380,128,137
4381,135,143
4382,144,146
4383,147,148
4384,153,153
4385,159,158
4386,162,162
4387,165,164
4388,166,167
4389,169,172
4390,175,178
4391,180,182
4392,185,186
4393,194,192
4394,200,196
4395,208,203
4396,216,207
4397,222,213
4398,228,218
4399,235,221
4400,237,223
4401,240,226
4402,243,229
4403,246,231
4404,250,234
4405,253,239
4406,259,238
4407,259,236
4408,257,236
4409,257,236
4410,258,237
4411,259,237
4412,259,238
4413,260,237
4414,261,236
4415,260,235
4416,260,235
4417,260,234
4418,261,232
4419,259,231
4420,259,230
4421,259,230
4422,260,229
4423,258,228
4424,257,226
4425,256,226
4426,255,226
4427,256,225
4428,255,225
4429,255,225
4430,255,224
4431,255,224
4432,255,224
4433,256,225
4434,257,226
4435,258,227
4436,258,228
4437,259,229
4438,261,231
4439,262,231
4440,260,232
4441,261,232
4442,262,234
4443,263,236
4444,264,238
4445,266,240
4446,268,242
4447,270,245
4448,274,248
4449,277,249
4450,276,249
4451,275,248
4452,275,248
4453,274,248
4454,274,248
4455,274,248
4456,273,247
4457,273,247
4458,272,246
4459,272,246
4460,272,247
4461,272,246
4462,271,245
4463,269,243
4464,267,242
4465,265,241
4466,265,240
4467,264,240
4468,263,240
4469,264,240
4470,267,240
4471,267,239
4472,266,238
4473,264,235
4474,262,233
4475,260,231
4476,258,229
4477,256,227
4478,254,225
4479,253,225
4480,253,225
4481,253,225
4482,253,224
4483,252,224
4484,252,223
4485,252,222
4486,251,221
4487,250,221
4488,250,221
4489,251,220
4490,250,219
4491,249,218
4492,248,218
4493,248,219
4494,248,219
4495,249,219
4496,249,218
4497,248,216
4498,247,214
4499,244,212
4500,241,210
4501,239,209
4502,238,207
4503,238,207
4504,239,208
4505,239,208
4506,240,210
4507,240,209
4508,240,208
4509,238,206
4510,237,205
4511,236,204
4512,235,203
4513,233,201
4514,231,200
4515,231,200
4516,231,199
4517,230,198
4518,229,196
4519,228,196
4520,226,195
4521,226,195
4522,225,194
4523,225,193
4524,224,193
4525,223,192
4526,222,192
4527,222,191
4528,221,191
4529,222,192
4530,222,193
4531,223,192
4532,221,191
4533,217,188
4534,214,185
4535,210,182
4536,207,178
4537,204,177
4538,202,177
4539,201,177
4540,200,176
4541,199,174
4542,198,172
4543,198,173
4544,199,172
4545,197,172
4546,197,172
4547,196,172
4548,197,171
4549,192,171
4550,190,172
4551,191,174
4552,193,176
4553,195,177
4554,196,178
4555,198,180
4556,201,183
4557,204,187
4558,208,190
4559,210,192
4560,212,194
4561,214,197
4562,218,201
4563,222,204
4564,225,207
4565,220,210
4566,214,213
4567,207,215
4568,209,216
4569,211,218
4570,215,221
4571,218,224
4572,220,229
4573,223,231
4574,225,233
4575,228,235
4576,230,238
4577,232,241
4578,234,243
4579,241,247
4580,247,248
4581,248,249
4582,249,249
4583,249,248
4584,248,249
4585,250,252
4586,250,255
4587,251,258
4588,254,263
4589,257,263
4590,251,260
4591,246,257
4592,245,257
4593,245,257
4594,246,257
4595,254,256
4596,262,254
4597,270,253
4598,268,252
4599,267,250
4600,265,249
4601,263,247
4602,262,246
4603,260,244
4604,258,242
4605,255,240
4606,253,237
4607,250,234
4608,247,230
4609,241,228
4610,239,226
4611,238,225
4612,236,224
4613,235,223
4614,235,220
4615,231,215
4616,228,210
4617,224,203
4618,217,195
4619,211,192
4620,214,193
4621,218,194
4622,216,193
4623,215,192
4624,214,192
4625,214,192
4626,214,193
4627,214,193
4628,215,194
4629,215,196
4630,217,197
4631,218,198
4632,219,198
4633,219,199
4634,219,200
4635,221,202
4636,222,204
4637,225,205
4638,226,208
4639,229,208
4640,230,207
4641,228,207
4642,228,206
4643,229,207
4644,229,207
4645,229,208
4646,229,208
4647,228,208
4648,228,208
4649,228,208
4650,228,207
4651,227,206
4652,227,205
4653,226,204
4654,225,203
4655,224,201
4656,222,199
4657,220,198
4658,219,197
4659,218,195
4660,215,194
4661,213,192
4662,209,190
4663,206,190
4664,207,192
4665,208,192
4666,207,192
4667,207,191
4668,206,191
4669,206,191
4670,206,190
4671,205,189
4672,203,187
4673,200,185
4674,198,184
4675,197,182
4676,195,182
4677,194,181
4678,194,181
4679,194,181
4680,192,180
4681,191,179
4682,189,178
4683,187,175
4684,184,172
4685,183,171
4686,183,171
4687,182,171
4688,182,170
4689,181,170
4690,181,170
4691,181,170
4692,177,169
4693,174,164
4694,165,160
4695,164,159
4696,162,162
4697,165,166
4698,168,168
4699,171,171
4700,172,174
4701,175,176
4702,178,180
4703,181,183
4704,184,183
4705,184,186
4706,188,189
4707,191,192
4708,194,195
4709,199,199
4710,203,203
4711,206,206
4712,211,209
4713,215,214
4714,219,219
4715,222,221
4716,225,223
4717,227,224
4718,228,225
4719,229,226
4720,229,225
4721,227,226
4722,236,230
4723,244,235
4724,253,238
4725,254,238
4726,256,235
4727,253,232
4728,251,231
4729,251,229
4730,250,228
4731,250,227
4732,249,226
4733,248,224
4734,246,225
4735,248,224
4736,246,222
4737,245,219
4738,242,217
4739,239,214
4740,234,210
4741,230,209
4742,228,209
4743,228,208
4744,227,207
4745,226,206
4746,225,206
4747,225,206
4748,226,207
4749,227,207
4750,228,208
4751,231,209
4752,229,207
4753,228,206
4754,226,205
4755,225,205
4756,224,204
4757,223,203
4758,222,202
4759,220,201
4760,220,201
4761,219,201
4762,219,201
4763,220,203
4764,222,205
4765,224,206
4766,225,208
4767,227,210
4768,228,210
4769,229,210
4770,231,212
4771,235,212
4772,235,213
4773,236,214
4774,238,214
4775,239,216
4776,240,217
4777,242,218
4778,242,218
4779,243,220
4780,244,222
4781,246,225
4782,247,225
4783,247,226
4784,249,228
4785,249,229
4786,250,228
4787,250,229
4788,250,229
4789,251,231
4790,252,231
4791,252,232
4792,252,231
4793,252,230
4794,250,229
4795,249,228
4796,248,225
4797,245,226
4798,243,225
4799,242,222
4800,239,217
4801,237,214
4802,235,212
4803,232,208
4804,227,203
4805,220,198
4806,216,193
4807,210,187
4808,201,181
4809,193,173
4810,184,164
4811,175,155
4812,167,149
4813,160,141
4814,151,133
4815,143,131
4816,137,133
4817,138,132
4818,140,133
4819,140,136
4820,142,139
4821,145,141
4822,147,142
4823,149,145
4824,152,147
4825,155,149
4826,158,152
4827,162,152
4828,164,155
4829,166,159
4830,172,166
4831,174,169
4832,177,171
4833,179,174
4834,183,179
4835,189,184
4836,194,189
4837,200,195
4838,206,199
4839,211,200
4840,216,207
4841,225,215
4842,225,221
4843,225,224
4844,225,224
4845,225,222
4846,223,218
4847,216,216
4848,207,210
4849,201,211
4850,197,214
4851,199,218
4852,202,221
4853,198,220
4854,194,219
4855,192,219
4856,192,219
4857,191,217
4858,188,213
4859,183,211
4860,181,208
4861,180,212
4862,182,216
4863,186,220
4864,189,222
4865,192,223
4866,193,222
4867,192,221
4868,194,224
4869,196,229
4870,199,230
4871,199,229
4872,208,230
4873,215,234
4874,223,242
4875,232,247
4876,242,251
4877,250,255
4878,257,258
4879,263,255
4880,266,251
4881,263,246
4882,259,243
4883,262,243
4884,266,243
4885,266,243
4886,265,242
4887,265,243
4888,268,247
4889,274,247
4890,275,249
4891,276,246
4892,275,242
4893,270,239
4894,267,236
4895,264,234
4896,261,234
4897,260,235
4898,261,236
4899,261,235
4900,260,234
4901,259,234
4902,258,234
4903,258,234
4904,258,233
4905,255,231
4906,254,231
4907,253,230
4908,254,230
4909,253,229
4910,252,227
4911,250,226
4912,247,224
4913,246,223
4914,244,221
4915,241,219
4916,239,217
4917,237,216
4918,236,215
4919,234,215
4920,233,215
4921,233,215
4922,232,214
4923,232,214
4924,232,214
4925,232,214
4926,233,214
4927,233,214
4928,233,214
4929,231,212
4930,229,211
4931,231,214
4932,233,215
4933,235,216
4934,236,217
4935,237,218
4936,238,219
4937,240,220
4938,241,221
4939,242,222
4940,243,223
4941,244,223
4942,245,224
4943,245,224
4944,245,224
4945,245,225
4946,245,225
4947,246,225
4948,246,225
4949,246,225
4950,246,225
4951,245,224
4952,245,224
4953,244,225
4954,244,225
4955,236,225
4956,228,226
4957,220,225
4958,212,225
4959,206,228
4960,209,230
4961,207,229
4962,205,228
4963,205,228
4964,204,228
4965,203,228
4966,203,228
4967,202,227
4968,202,227
4969,201,227
4970,201,227
4971,201,228
4972,201,229
4973,202,230
4974,203,231
4975,204,232
4976,206,234
4977,207,235
4978,208,236
4979,209,237
4980,210,237
4981,210,238
4982,210,238
4983,210,236
4984,208,236
4985,215,237
4986,224,237
4987,232,237
4988,240,236
4989,247,235
4990,247,234
4991,249,234
4992,248,233
4993,248,233
4994,249,233
4995,248,233
4996,248,232
4997,248,231
4998,247,229
4999,245,227
5000,243,225
5001,241,224
5002,241,223
5003,240,223
5004,239,222
5005,238,221
5006,237,219
5007,235,217
5008,233,216
5009,232,214
5010,231,213
5011,230,211
5012,229,210
5013,229,210
5014,231,211
5015,233,212
5016,234,213
5017,235,210
5018,233,210
5019,230,213
5020,232,216
5021,234,218
5022,237,220
5023,239,222
5024,241,225
5025,244,227
5026,246,229
5027,247,230
5028,249,231
5029,251,232
5030,252,233
5031,252,232
5032,251,231
5033,250,231
5034,250,231
5035,250,231
5036,250,232
5037,251,233
5038,252,233
5039,252,233
5040,252,233
5041,251,233
5042,252,234
5043,252,234
5044,251,230
5045,246,230
5046,244,230
5047,244,233
5048,247,235
5049,252,233
5050,251,232
5051,249,230
5052,247,228
5053,245,225
5054,243,222
5055,239,220
5056,237,219
5057,237,218
5058,236,219
5059,236,220
5060,237,221
5061,239,223
5062,241,224
5063,243,225
5064,244,226
5065,236,226
5066,228,226
5067,220,225
5068,213,225
5069,205,225
5070,198,226
5071,198,226
5072,198,227
5073,199,226
5074,199,228
5075,202,227
5076,203,226
5077,202,225
5078,201,223
5079,199,222
5080,198,221
5081,197,221
5082,197,220
5083,196,220
5084,196,219
5085,196,218
5086,195,217
5087,193,216
5088,192,215
5089,191,214
5090,190,213
5091,189,212
5092,188,211
5093,187,211
5094,187,211
5095,195,212
5096,203,211
5097,210,211
5098,218,211
5099,225,212
5100,233,211
5101,232,210
5102,232,210
5103,232,210
5104,231,210
5105,232,210
5106,231,210
5107,232,211
5108,232,211
5109,233,212
5110,233,212
5111,233,211
5112,233,212
5113,234,213
5114,235,215
5115,237,216
5116,239,219
5117,241,220
5118,243,222
5119,244,223
5120,246,224
5121,246,225
5122,247,225
5123,246,225
5124,246,224
5125,245,225
5126,245,226
5127,246,226
5128,246,227
5129,247,228
5130,247,229
5131,247,229
5132,248,230
5133,248,230
5134,248,230
5135,248,231
5136,249,230
5137,248,230
5138,247,231
5139,247,231
5140,247,232
5141,248,232
5142,248,231
5143,247,231
5144,246,229
5145,244,228
5146,242,226
5147,241,225
5148,239,224
5149,238,222
5150,237,221
5151,236,221
5152,236,221
5153,236,221
5154,237,221
5155,237,220
5156,236,219
5157,236,219
5158,237,219
5159,237,220
5160,238,220
5161,239,221
5162,239,221
5163,240,222
5164,240,222
5165,241,222
5166,241,223
5167,234,222
5168,226,221
5169,217,221
5170,209,220
5171,208,220
5172,206,221
5173,206,222
5174,207,223
5175,209,224
5176,209,224
5177,210,224
5178,209,224
5179,209,223
5180,208,223
5181,207,222
5182,206,222
5183,206,223
5184,207,223
5185,207,223
5186,207,224
5187,207,226
5188,208,226
5189,208,226
5190,208,225
5191,206,224
5192,205,223
5193,203,222
5194,202,221
5195,201,220
5196,200,220
5197,208,220
5198,216,222
5199,225,222
5200,233,223
5201,234,224
5202,237,224
5203,237,223
5204,235,222
5205,234,220
5206,233,221
5207,233,220
5208,233,220
5209,232,219
5210,232,219
5211,232,219
5212,232,218
5213,231,217
5214,230,216
5215,231,216
5216,229,214
5217,227,211
5218,223,209
5219,223,209
5220,224,210
5221,226,210
5222,226,211
5223,228,212
5224,229,212
5225,230,213
5226,230,213
5227,231,213
5228,231,213
5229,231,213
5230,232,213
5231,233,213
5232,233,213
5233,232,213
5234,233,213
5235,229,212
5236,224,212
5237,223,221
5238,230,233
5239,243,247
5240,256,260
5241,269,269
5242,270,270
5243,271,274
5244,274,275
5245,274,274
5246,274,274
5247,274,276
5248,277,277
5249,277,276
5250,275,276
5251,274,275
5252,273,275
5253,273,275
5254,271,274
5255,269,273
5256,260,270
5257,252,265
5258,243,258
5259,235,250
5260,226,241
5261,216,233
5262,210,230
5263,205,229
5264,197,225
5265,194,220
5266,192,213
5267,185,198
5268,171,178
5269,151,159
5270,130,140
5271,113,127
5272,113,128
5273,116,125
5274,117,122
5275,109,117
5276,103,111
5277,96,103
5278,89,96
5279,81,89
5280,74,82
5281,66,75
5282,59,68
5283,52,63
5284,48,64
5285,51,66
5286,59,69
5287,66,74
5288,73,80
5289,80,88
5290,87,95
5291,94,102
5292,99,105
5293,103,107
5294,110,111
5295,117,117
5296,123,122
5297,128,127
5298,128,130
5299,128,131
5300,128,130
5301,125,127
5302,117,118
5303,105,110
5304,93,106
5305,98,113
5306,103,122
5307,109,127
5308,114,135
5309,122,143
5310,130,150
5311,138,157
5312,144,165
5313,154,179
5314,169,188
5315,165,189
5316,162,188
5317,154,184
5318,148,179
5319,141,172
5320,133,165
5321,126,158
5322,120,151
5323,114,144
5324,107,141
5325,108,144
5326,104,147
5327,102,150
5328,105,152
5329,108,156
5330,112,163
5331,119,169
5332,126,176
5333,132,180
5334,132,183
5335,127,178
5336,123,170
5337,116,165
5338,111,162
5339,106,159
5340,103,156
5341,95,152
5342,89,144
5343,79,128
5344,62,113
5345,60,107
5346,58,103
5347,58,101
5348,58,99
5349,58,99
5350,58,99
5351,58,99
5352,58,99
5353,58,99
5354,58,95
5355,50,86
5356,47,77
5357,44,69
5358,41,63
5359,38,58
5360,34,51
5361,27,52
5362,28,56
5363,31,64
5364,43,74
5365,56,84
5366,68,95
5367,79,107
5368,90,114
5369,99,121
5370,106,129
5371,119,138
5372,131,151
5373,143,163
5374,155,173
5375,165,182
5376,174,188
5377,178,190
5378,180,195
5379,186,201
5380,194,207
5381,199,211
5382,205,217
5383,212,221
5384,216,224
5385,224,227
5386,231,233
5387,239,239
5388,245,244
5389,251,250
5390,257,255
5391,263,253
5392,261,246
5393,257,239
5394,250,231
5395,243,224
5396,236,218
5397,233,213
5398,229,209
5399,225,203
5400,220,198
5401,215,191
5402,210,185
5403,204,178
5404,198,172
5405,193,166
5406,187,165
5407,190,168
5408,196,170
5409,198,169
5410,196,171
5411,199,174
5412,200,174
5413,201,175
5414,203,179
5415,203,182
5416,202,181
5417,201,181
5418,201,181
5419,202,181
5420,203,183
5421,204,184
5422,206,185
5423,207,186
5424,208,188
5425,210,189
5426,212,189
5427,213,190
5428,213,190
5429,214,190
5430,214,190
5431,215,190
5432,215,190
5433,215,191
5434,216,191
5435,216,190
5436,215,190
5437,215,189
5438,214,188
5439,214,188
5440,215,189
5441,215,190
5442,216,191
5443,216,192
5444,215,193
5445,215,195
5446,217,197
5447,219,199
5448,221,200
5449,221,200
5450,221,199
5451,219,198
5452,212,196
5453,205,193
5454,199,188
5455,192,181
5456,183,177
5457,178,180
5458,185,186
5459,184,188
5460,180,188
5461,178,188
5462,179,188
5463,177,187
5464,175,185
5465,173,182
5466,169,179
5467,165,175
5468,160,169
5469,154,164
5470,149,160
5471,147,157
5472,143,152
5473,136,146
5474,131,140
5475,126,136
5476,122,132
5477,114,128
5478,106,124
5479,98,119
5480,92,116
5481,93,117
5482,99,121
5483,107,126
5484,115,132
5485,124,140
5486,132,144
5487,137,140
5488,129,133
5489,128,129
5490,129,127
5491,129,126
5492,127,124
5493,127,124
5494,128,125
5495,130,127
5496,134,130
5497,138,134
5498,143,139
5499,148,145
5500,153,148
5501,154,150
5502,155,157
5503,166,168
5504,178,177
5505,179,182
5506,179,183
5507,184,182
5508,189,188
5509,197,198
5510,203,204
5511,203,204
5512,202,198
5513,197,202
5514,193,207
5515,197,212
5516,201,215
5517,196,217
5518,192,216
5519,187,212
5520,181,207
5521,175,202
5522,169,198
5523,164,198
5524,162,198
5525,161,196
5526,160,195
5527,158,195
5528,157,194
5529,155,191
5530,152,189
5531,151,184
5532,145,175
5533,133,164
5534,121,156
5535,119,152
5536,117,153
5537,119,157
5538,120,154
5539,119,148
5540,118,144
5541,118,145
5542,121,151
5543,125,146
5544,129,140
5545,123,135
5546,119,131
5547,123,130
5548,128,135
5549,137,146
5550,151,160
5551,165,173
5552,178,186
5553,181,187
5554,179,186
5555,180,191
5556,187,196
5557,190,198
5558,189,201
5559,192,204
5560,195,206
5561,196,208
5562,200,209
5563,204,212
5564,208,214
5565,210,213
5566,211,209
5567,209,207
5568,207,204
5569,201,200
5570,196,194
5571,189,188
5572,182,180
5573,174,173
5574,166,166
5575,159,160
5576,152,153
5577,144,146
5578,137,136
5579,127,124
5580,114,118
5581,107,116
5582,104,112
5583,101,106
5584,99,102
5585,92,96
5586,81,96
5587,73,99
5588,68,100
5589,59,98
5590,59,96
5591,54,93
5592,50,90
5593,46,86
5594,42,83
5595,38,80
5596,34,78
5597,30,74
5598,25,72
5599,25,71
5600,25,71
5601,25,71
5602,25,71
5603,32,79
5604,43,91
5605,57,105
5606,72,119
5607,86,131
5608,89,139
5609,91,143
5610,94,139
5611,87,129
5612,77,121
5613,77,121
5614,77,120
5615,77,117
5616,77,109
5617,79,105
5618,83,103
5619,88,102
5620,80,101
5621,80,101
5622,80,101
5623,80,102
5624,85,107
5625,90,114
5626,99,122
5627,106,130
5628,115,138
5629,123,146
5630,131,155
5631,141,166
5632,154,178
5633,159,183
5634,161,185
5635,159,187
5636,159,187
5637,158,188
5638,169,194
5639,180,204
5640,191,214
5641,203,225
5642,209,236
5643,214,239
5644,219,243
5645,225,249
5646,230,251
5647,232,249
5648,229,245
5649,223,241
5650,223,239
5651,223,237
5652,223,237
5653,223,237
5654,219,232
5655,214,224
5656,205,218
5657,197,213
5658,189,208
5659,183,202
5660,175,196
5661,164,188
5662,152,178
5663,139,168
5664,131,156
5665,123,144
5666,114,133
5667,106,123
5668,98,111
5669,89,100
5670,77,90
5671,65,80
5672,59,72
5673,53,73
5674,54,72
5675,54,71
5676,56,70
5677,61,72
5678,69,74
5679,76,78
5680,83,83
5681,89,88
5682,94,92
5683,94,96
5684,94,100
5685,94,104
5686,97,108
5687,107,111
5688,116,117
5689,123,121
5690,130,124
5691,136,127
5692,141,129
5693,147,132
5694,149,130
5695,150,132
5696,153,135
5697,155,140
5698,159,145
5699,164,152
5700,173,159
5701,185,166
5702,195,171
5703,203,174
5704,204,175
5705,198,174
5706,189,171
5707,181,172
5708,179,176
5709,180,178
5710,183,182
5711,187,186
5712,193,191
5713,203,195
5714,212,199
5715,222,205
5716,231,212
5717,234,217
5718,237,220
5719,241,224
5720,245,226
5721,248,228
5722,250,230
5723,252,233
5724,258,244
5725,266,250
5726,271,255
5727,275,254
5728,274,250
5729,266,247
5730,261,243
5731,257,238
5732,249,231
5733,244,230
5734,245,231
5735,252,235
5736,262,242
5737,271,246
5738,274,246
5739,274,244
5740,264,238
5741,254,230
5742,244,221
5743,234,213
5744,226,210
5745,217,202
5746,205,195
5747,198,192
5748,194,188
5749,187,181
5750,179,172
5751,173,167
5752,168,163
5753,165,156
5754,158,149
5755,150,144
5756,145,140
5757,142,139
5758,140,141
5759,145,141
5760,146,138
5761,142,137
5762,145,139
5763,147,141
5764,146,142
5765,147,141
5766,142,137
5767,134,131
5768,125,129
5769,123,130
5770,130,132
5771,137,137
5772,144,142
5773,149,147
5774,152,145
5775,155,145
5776,159,144
5777,154,137
5778,147,134
5779,147,138
5780,155,147
5781,163,156
5782,173,163
5783,180,172
5784,184,174
5785,186,175
5786,186,175
5787,185,174
5788,185,174
5789,186,175
5790,187,176
5791,189,180
5792,192,183
5793,187,181
5794,181,177
5795,174,172
5796,170,168
5797,169,165
5798,168,159
5799,162,153
5800,158,151
5801,158,153
5802,157,153
5803,157,155
5804,161,158
5805,164,159
5806,160,158
5807,158,157
5808,157,156
5809,152,148
5810,142,138
5811,132,128
5812,123,122
5813,116,117
5814,111,113
5815,107,109
5816,100,104
5817,92,99
5818,85,93
5819,78,90
5820,76,89
5821,77,89
5822,76,89
5823,81,90
5824,81,91
5825,81,93
5826,81,96
5827,88,104
5828,96,111
5829,104,116
5830,108,118
5831,107,116
5832,106,116
5833,107,117
5834,109,120
5835,113,127
5836,125,135
5837,137,145
5838,149,154
5839,160,161
5840,167,167
5841,172,173
5842,175,174
5843,176,176
5844,182,181
5845,189,190
5846,202,199
5847,215,207
5848,224,212
5849,231,216
5850,234,219
5851,235,219
5852,236,218
5853,237,216
5854,237,214
5855,237,210
5856,237,207
5857,230,200
5858,222,196
5859,220,195
5860,219,195
5861,219,194
5862,215,190
5863,211,187
5864,203,187
5865,201,186
5866,199,184
5867,194,179
5868,189,174
5869,187,169
5870,188,169
5871,191,170
5872,189,170
5873,187,166
5874,182,159
5875,176,153
5876,174,153
5877,173,155
5878,175,159
5879,175,157
5880,174,153
5881,167,151
5882,168,154
5883,171,157
5884,178,160
5885,178,163
5886,178,165
5887,178,165
5888,178,162
5889,173,158
5890,166,158
5891,168,163
5892,174,170
5893,180,174
5894,179,171
5895,171,165
5896,163,158
5897,162,154
5898,160,155
5899,159,159
5900,158,160
5901,156,160
5902,159,160
5903,157,161
5904,153,162
5905,150,156
5906,140,149
5907,132,142
5908,123,135
5909,120,132
5910,114,129
5911,111,124
5912,101,124
5913,96,127
5914,95,132
5915,99,135
5916,103,136
5917,103,136
5918,103,136
5919,103,134
5920,103,129
5921,96,119
5922,88,110
5923,80,104
5924,84,105
5925,92,113
5926,103,122
5927,109,131
5928,115,137
5929,110,139
5930,106,139
5931,98,135
5932,91,128
5933,88,124
5934,87,122
5935,85,121
5936,84,118
5937,80,114
5938,77,112
5939,74,110
5940,74,109
5941,74,109
5942,74,101
5943,71,90
5944,65,81
5945,61,75
5946,57,71
5947,57,71
5948,59,73
5949,64,81
5950,76,95
5951,89,107
5952,100,116
5953,108,122
5954,102,120
5955,93,112
5956,81,101
5957,69,90
5958,57,79
5959,54,70
5960,51,64
5961,51,60
5962,51,68
5963,61,78
5964,72,89
5965,72,97
5966,72,104
5967,72,108
5968,73,109
5969,78,114
5970,85,120
5971,91,126
5972,97,131
5973,102,135
5974,102,137
5975,102,138
5976,102,138
5977,102,138
5978,100,137
5979,95,129
5980,83,116
5981,70,104
5982,59,94
5983,51,86
5984,51,84
5985,55,88
5986,63,97
5987,73,106
5988,84,117
5989,95,127
5990,105,137
5991,115,147
5992,123,148
5993,113,144
5994,102,138
5995,102,131
5996,105,134
5997,110,136
5998,113,138
5999,109,133
6000,102,127
6001,95,121
6002,89,116
6003,85,112
6004,85,109
6005,85,109
6006,85,110
6007,85,112
6008,85,114
6009,85,115
6010,85,115
6011,85,116
6012,85,116
6013,85,117
6014,85,122
6015,82,124
6016,74,121
6017,64,115
6018,53,106
6019,42,96
6020,32,86
6021,22,76
6022,14,67
6023,14,61
6024,14,57
6025,14,55
6026,10,46
6027,6,40
6028,1,37
6029,1,37
6030,1,37
6031,1,37
6032,1,37
6033,1,37
6034,1,37
6035,1,36
6136,1,35
6137,1,33
6138,1,31
6139,1,30
6140,1,30
6141,1,32
6142,1,36
6143,1,39
6144,1,35
6145,0,30
6146,0,26
6147,0,23
6148,0,27
6149,0,31
6150,0,35
6151,0,38
6152,0,41
6153,0,43
6154,0,43
6155,0,43
6156,0,43
6157,0,43
6158,0,43
6159,0,43
6160,0,43
6161,0,43
6162,0,43
6163,0,43
6164,0,43
6165,0,43
6166,0,43
6167,0,43
6168,0,43
6169,0,43
6170,0,43
6171,0,40
6172,0,36
6173,0,32
6174,0,28
6175,0,25
6176,0,23
6177,0,22
6178,0,17
6179,0,13
6180,0,9
6181,0,5
6182,0,2
6183,0,1
6184,0,0
6185,0,0
6186,0,0
6187,0,0
6188,0,0
6189,0,0
6190,0,0
6191,0,0
6192,0,0
6193,0,0
6194,0,0
6195,0,0
6196,0,0
6197,0,0
6198,0,0
6199,0,0
6200,0,0
6201,0,0
6202,0,0
6203,0,0
6204,0,0
6205,0,0
6206,0,0
6207,0,0
6208,0,0
6209,0,0
6210,0,0
6211,0,0
6212,0,0
6213,0,0
6214,0,0
6215,0,0
6216,0,0
6217,0,0
6218,0,0
6219,0,0
6220,0,0
6221,0,0
6222,0,0
6223,0,0
6224,0,0
6225,0,0
6226,0,0
6227,0,0
6228,0,0
6229,0,0
6230,0,0
6231,0,0
6232,0,0
6233,0,0
6234,0,0
6235,0,0
6236,0,0
6237,0,0
6238,0,0
6239,0,0
6240,0,0
6241,0,0
6242,0,0
6243,0,0
6244,0,0
6245,0,0
6246,0,0
6247,0,0
6248,0,0
6249,0,0
6250,0,0
6251,0,0
6252,0,0
6253,0,0
6254,0,0
6255,0,0
6256,0,0
6257,0,0
6258,0,0
6259,0,0
6260,0,0
6261,0,0
6262,0,0
6263,0,0
6264,0,0
6265,0,0
6266,0,0
6267,0,0
6268,0,0
6269,0,0
6270,0,0
6271,0,0
6272,0,0
6273,0,0
6274,0,0
6275,0,0
6276,0,0
6277,0,0
6278,0,0
6279,0,0
6280,0,0
6281,0,0
6282,0,0
6283,0,0
6284,0,0
6285,0,0
6286,0,0
6287,0,0
6288,0,0
6289,0,0
6290,0,0
6291,0,0
6292,0,0
6293,0,0
6294,0,0
6295,0,0
6296,0,0
6297,0,0
6298,0,0
6299,0,0
6300,0,0
6301,0,0
6302,0,0
6303,0,0
6304,0,0
6305,0,0
6306,0,0
6307,0,0
6308,0,0
6309,0,0
6310,0,0
6311,0,0
6312,0,0
6313,0,0
6314,0,0
6315,0,0
6316,0,0
6317,0,0
6318,0,0
6319,0,0
6320,0,0
6321,0,0
6322,0,0
6323,0,0
6324,0,0
6325,0,0
6326,0,0
6327,0,0
6328,0,0
6329,0,0
6330,0,0
6331,0,0
6332,0,0
6333,0,0
6334,0,0
6335,0,0
6336,0,0
6337,0,0
6338,0,0
6339,0,0
6340,0,0
6341,0,0
6342,0,0
6343,0,0
6344,0,0
6345,0,0
6346,0,0
6347,0,0
6394,0,0
6395,0,0
6396,0,0
6397,0,0
6398,0,0
6399,0,0
6400,0,0
6401,0,0
6415,0,0
6416,0,0
6417,0,0
6418,0,0
6419,0,0
6420,0,0
6421,0,0
6422,0,0
6423,0,0
6424,0,3
6425,0,6
6426,0,11
6427,0,16
6428,0,21
6429,0,26
6430,0,30
6431,0,33
6432,0,36
6433,0,38
6434,0,40
6435,0,41
6436,0,42
6437,0,42
6438,0,45
6439,0,52
6440,0,61
6441,0,72
6442,0,84
6443,0,96
6444,0,107
6445,0,119
6446,0,133
6447,0,148
6448,0,157
6449,0,165
6450,0,176
6451,0,180
6452,0,185
6453,0,194
6454,0,199
6455,0,203
6456,0,201
6457,0,201
6458,2,201
6459,8,202
6460,14,203
6461,20,206
6462,26,208
6463,32,212
6464,39,216
6465,45,220
6466,50,225
6467,56,230
6468,60,230
6469,62,226
6470,63,218
6471,65,210
6472,68,201
6473,70,191
6474,70,181
6475,70,169
6476,70,155
6477,70,140
6478,70,131
6479,70,122
6480,70,112
6481,70,108
6482,70,103
6483,70,94
6484,70,86
6485,70,78
6486,70,76
6487,70,72
6488,68,66
6489,62,61
6490,56,55
6491,50,49
6492,44,43
6493,38,38
6494,32,32
6495,26,27
6496,23,28
6497,18,28
6498,13,28
6499,11,29
6500,16,33
6501,20,36
6502,22,37
6503,25,42
6504,31,47
6505,38,53
6506,44,59
6507,51,65
6508,57,70
6509,62,74
6510,68,80
6511,74,85
6512,79,90
6513,85,96
6514,90,101
6515,96,106
6516,101,111
6517,107,117
6518,114,122
6519,114,127
6520,115,130
6521,118,133
6522,124,139
6523,131,145
6524,137,151
6525,144,158
6526,145,158
6527,150,157
6528,153,156
6529,157,159
6530,159,161
6531,160,163
6532,163,166
6533,167,167
6534,168,169
6535,170,170
6536,172,172
6537,174,174
6538,176,178
6539,181,182
6540,185,186
6541,189,190
6542,193,193
6543,197,197
6544,201,199
6545,204,202
6546,207,204
6547,209,206
6548,210,208
6549,218,210
6550,225,213
6551,230,217
6552,231,218
6553,233,218
6554,234,219
6555,235,219
6556,239,221
6557,244,225
6558,249,229
6559,253,230
6560,254,230
6561,254,229
6562,254,229
6563,254,228
6564,254,227
6565,254,227
6566,254,227
6567,254,226
6568,253,225
6569,251,223
6570,249,220
6571,246,218
6572,245,216
6573,243,214
6574,241,213
6575,241,213
6576,241,213
6577,241,213
6578,242,213
6579,242,214
6580,243,215
6581,243,216
6582,244,218
6583,245,219
6584,246,220
6585,247,220
6586,247,221
6587,246,221
6588,246,222
6589,247,223
6590,248,224
6591,248,225
6592,249,225
6593,250,225
6594,249,225
6595,249,224
6596,249,224
6597,249,224
6598,249,224
6599,249,224
6600,249,225
6601,249,225
6602,249,225
6603,249,225
6604,249,226
6605,249,226
6606,250,227
6607,251,227
6608,251,227
6609,251,227
6610,251,227
6611,250,226
6612,250,226
6613,249,224
6614,248,222
6615,246,220
6616,244,218
6617,242,216
6618,239,212
6619,235,208
6620,231,206
6621,223,205
6622,214,205
6623,206,205
6624,198,205
6625,190,204
6626,181,203
6627,173,203
6628,172,202
6629,171,202
6630,170,199
6631,168,198
6632,166,196
6633,165,194
6634,163,192
6635,161,190
6636,158,187
6637,154,183
6638,148,179
6639,140,174
6640,132,167
6641,124,160
6642,118,154
6643,116,153
6644,117,155
6645,119,157
6646,121,159
6647,124,163
6648,129,167
6649,133,170
6650,137,172
6651,145,173
6652,154,174
6653,163,175
6654,172,176
6655,181,176
6656,189,177
6657,197,178
6658,198,178
6659,199,179
6660,200,181
6661,202,183
6662,205,186
6663,208,188
6664,210,190
6665,213,192
6666,215,193
6667,217,196
6668,222,199
6669,229,204
6670,237,210
6671,244,217
6672,249,222
6673,251,222
6674,250,221
6675,249,220
6676,248,219
6677,246,217
6678,244,215
6679,243,215
6680,242,215
6681,242,215
6682,242,215
6683,242,216
6684,243,217
6685,244,218
6686,245,219
6687,245,219
6688,245,219
6689,245,219
6690,245,219
6691,245,218
6692,244,217
6693,243,217
6694,242,216
6695,241,216
6696,240,215
6697,240,215
6698,239,214
6699,239,214
6700,238,213
6701,237,212
6702,236,212
6703,237,211
6704,237,211
6705,237,211
6706,237,212
6707,238,212
6708,238,213
6709,238,212
6710,237,211
6711,235,208
6712,234,207
6713,232,204
6714,230,202
6715,228,201
6716,227,200
6717,226,200
6718,226,200
6719,226,200
6720,227,200
6721,228,201
6722,228,201
6723,228,201
6724,229,201
6725,229,202
6726,230,202
6727,231,204
6728,232,205
6729,233,206
6730,234,208
6731,235,209
6732,237,211
6733,238,212
6734,239,213
6735,240,214
6736,240,214
6737,240,213
6738,240,213
6739,240,214
6740,241,214
6741,241,214
6742,239,215
6743,241,218
6744,243,218
6745,242,217
6746,241,217
6747,240,217
6748,240,217
6749,240,216
6750,239,215
6751,238,215
6752,238,215
6753,238,216
6754,239,216
6755,240,217
6756,241,218
6757,241,219
6758,242,218
6759,241,217
6760,240,216
6761,240,215
6762,239,214
6763,237,212
6764,236,211
6765,234,209
6766,232,208
6767,231,206
6768,229,205
6769,228,204
6770,227,204
6771,228,205
6772,229,203
6773,226,200
6774,224,199
6775,224,199
6776,224,197
6777,224,196
6778,223,195
6779,223,195
6780,222,194
6781,222,194
6782,221,192
6783,219,190
6784,217,189
6785,215,187
6786,213,185
6787,211,182
6788,210,182
6789,208,180
6790,207,180
6791,206,180
6792,206,179
6793,206,179
6794,206,180
6795,208,181
6796,209,182
6797,210,183
6798,211,184
6799,212,185
6800,212,185
6801,213,186
6802,215,188
6803,216,190
6804,218,191
6805,220,194
6806,222,199
6807,227,209
6808,236,220
6809,246,231
6810,256,243
6811,267,256
6812,278,267
6813,288,278
6814,299,288
6815,307,297
6816,315,307
6817,322,315
6818,330,323
6819,329,328
6820,328,332
6821,332,336
6822,339,343
6823,346,353
6824,354,362
6825,361,371
6826,368,380
6827,376,389
6828,383,397
6829,390,405
6830,397,414
6831,404,422
6832,410,428
6833,407,432
6834,404,433
6835,398,429
6836,395,426
6837,392,418
6838,384,409
6839,376,399
6840,368,388
6841,357,376
6842,346,364
6843,336,353
6844,325,342
6845,316,331
6846,306,318
6847,294,307
6848,283,298
6849,283,292
6850,283,288
6851,278,283
6852,270,275
6853,262,264
6854,252,253
6855,242,242
6856,232,230
6857,222,220
6858,213,210
6859,204,200
6860,196,190
6861,188,181
6862,181,173
6863,183,168
6864,185,167
6865,188,169
6866,190,168
6867,189,166
6868,187,164
6869,185,163
6870,183,163
6871,182,163
6872,182,164
6873,182,165
6874,182,168
6875,184,173
6876,190,181
6877,198,189
6878,199,195
6879,194,198
6880,188,199
6881,182,197
6882,177,196
6883,175,197
6884,175,197
6885,174,196
6886,169,192
6887,163,188
6888,158,183
6889,151,178
6890,148,177
6891,146,176
6892,145,175
6893,145,174
6894,144,173
6895,142,170
6896,134,166
6897,127,161
6898,120,154
6899,113,148
6900,106,141
6901,99,135
6902,92,128
6903,86,121
6904,80,114
6905,72,112
6906,61,113
6907,52,111
6908,51,108
6909,63,112
6910,77,120
6911,91,132
6912,106,142
6913,117,151
6914,126,162
6915,137,173
6916,153,187
6917,168,201
6918,183,214
6919,196,226
6920,206,233
6921,213,238
6922,218,243
6923,223,247
6924,227,252
6925,232,257
6926,241,262
6927,249,267
6928,256,273
6929,262,278
6930,267,281
6931,270,284
6932,276,290
6933,284,297
6934,292,304
6935,301,304
6936,311,302
6937,320,301
6938,324,302
6939,321,297
6940,314,289
6941,305,279
6942,295,269
6943,286,260
6944,277,250
6945,268,240
6946,255,229
6947,243,217
6948,228,204
6949,215,192
6950,202,180
6951,190,170
6952,179,159
6953,167,149
6954,156,139
6955,146,130
6956,137,123
6957,132,125
6958,126,129
6959,119,134
6960,115,141
6961,115,148
6962,117,151
6963,117,152
6964,109,149
6965,100,142
6966,90,137
6967,80,133
6968,76,130
6969,73,128
6970,70,126
6971,66,123
6972,61,120
6973,60,118
6974,60,120
6975,61,122
6976,66,127
6977,71,135
6978,81,143
6979,89,149
6980,89,150
6981,89,150
6982,89,150
6983,89,150
6984,89,150
6985,89,150
6986,89,150
6987,86,142
6988,86,132
6989,86,122
6990,86,112
6991,82,102
6992,74,93
6993,66,85
6994,66,81
6995,66,79
6996,66,78
6997,66,75
7297,62,72
7298,56,72
7299,52,72
7300,51,75
7301,51,78
7302,46,81
7303,41,83
7304,34,86
7305,26,87
7306,17,88
7307,16,86
7308,11,83
7309,14,84
7310,16,86
7311,21,88
7312,26,92
7313,31,97
7314,36,101
7315,41,105
7316,45,109
7317,50,113
7318,54,116
7319,58,119
7320,62,123
7321,66,127
7322,71,132
7323,76,138
7324,80,140
7325,83,140
7326,86,142
7327,89,142
7328,93,142
7329,97,140
7330,102,140
7331,107,140
7332,113,139
7333,120,138
7334,128,135
7335,138,134
7336,151,134
7337,154,138
7338,164,145
7339,172,152
7340,178,158
7341,182,164
7342,187,169
7343,192,174
7344,198,177
7345,201,178
7346,202,178
7347,201,178
7348,201,180
7349,199,179
7350,198,185
7351,202,192
7352,210,198
7353,215,201
7354,220,207
7355,228,213
7356,234,218
7357,239,221
7358,241,223
7359,243,225
7360,245,227
7361,248,230
7362,251,233
7363,255,236
7364,259,239
7365,261,240
7366,260,240
7367,260,240
7368,260,239
7369,259,238
7370,260,239
7371,262,239
7372,262,240
7373,260,237
7374,256,234
7375,251,234
7376,254,237
7377,258,240
7378,263,244
7379,272,250
7380,281,250
7381,284,249
7382,283,248
7383,285,251
7384,287,251
7385,286,254
7386,290,258
7387,295,263
7388,302,269
7389,309,274
7390,315,279
7391,320,282
7392,323,284
7393,325,285
7394,326,285
7395,326,285
7396,326,285
7397,328,286
7398,328,287
7399,331,289
7400,333,291
7401,331,291
7402,329,290
7403,332,293
7404,336,298
7405,344,303
7406,345,305
7407,346,305
7408,346,305
7409,346,306
7410,346,306
7411,345,305
7412,341,302
7413,337,298
7414,334,298
7415,334,295
7416,330,291
7417,325,287
7418,321,283
7419,318,280
7420,313,275
7421,308,272
7422,304,268
7423,301,265
7424,297,262
7425,293,258
7426,289,255
7427,285,252
7428,282,250
7429,279,248
7430,277,246
7431,277,245
7432,278,246
7433,276,244
7434,272,240
7435,267,233
7436,263,230
7437,262,232
7438,266,235
7439,268,238
7440,271,241
7441,274,246
7442,279,250
7443,283,253
7444,286,255
7445,288,257
7446,290,259
7447,292,261
7448,293,263
7449,294,264
7450,295,266
7451,295,267
7452,295,266
7453,295,266
7454,295,266
7455,296,266
7456,296,266
7457,295,265
7458,294,264
7459,292,262
7460,291,261
7461,287,259
7462,286,257
7463,286,257
7464,287,258
7465,290,263
7466,293,265
7467,292,262
7468,287,256
7469,281,250
7470,275,243
7471,270,236
7472,263,230
7473,258,225
7474,253,220
7475,249,217
7476,246,214
7477,243,211
7478,241,209
7479,240,208
7480,240,209
7481,241,209
7482,241,210
7483,242,211
7484,241,211
7485,239,210
7486,239,212
7487,242,216
7488,245,221
7489,249,226
7490,253,233
7491,261,240
7492,269,247
7493,273,252
7494,274,254
7495,273,255
7496,274,258
7497,280,263
7498,283,269
7499,287,274
7500,292,280
7501,297,286
7502,302,291
7503,308,296
7504,313,301
7505,319,306
7506,323,310
7507,327,313
7508,330,315
7509,332,316
7510,332,316
7511,331,315
7512,330,313
7513,329,311
7514,328,309
7515,328,307
7516,326,304
7517,321,298
7518,315,290
7519,306,282
7520,299,275
7521,293,268
7522,286,260
7523,281,255
7524,280,253
7525,281,252
7526,281,250
7527,278,246
7528,276,243
7529,274,239
7530,271,234
7531,268,230
7532,265,228
7533,261,225
7534,256,222
7535,252,222
7536,252,223
7537,253,225
7538,246,228
7539,240,226
7540,234,223
7541,233,224
7542,234,224
7543,234,226
7544,236,227
7545,238,228
7546,240,231
7547,242,232
7548,245,235
7549,250,237
7550,252,238
7551,252,238
7552,250,237
7553,249,236
7554,246,234
7555,243,230
7556,236,224
7557,228,220
7558,225,220
7559,220,220
7560,215,218
7561,210,214
7562,207,210
7563,204,208
7564,202,204
7565,199,198
7566,191,191
7567,178,181
7568,174,171
7569,169,166
7570,167,164
7571,163,161
7572,157,156
7573,152,152
7574,149,149
7575,147,144
7576,144,141
7577,141,139
7578,133,135
7579,125,129
7580,117,123
7581,110,117
7582,103,111
7583,97,105
7584,91,100
7585,85,97
7586,89,98
7587,92,102
7588,93,101
7589,96,101
7590,102,105
7591,109,110
7592,113,114
7593,116,118
7594,119,122
7595,120,121
7596,126,126
7597,140,136
7598,156,150
7599,172,164
7600,186,177
7601,198,189
7602,211,203
7603,224,215
7604,233,227
7605,243,241
7606,252,251
7607,261,261
7608,275,273
7609,289,285
7610,303,298
7611,314,309
7612,325,319
7613,334,327
7614,342,334
7615,349,340
7616,350,343
7617,352,343
7618,355,348
7619,360,352
7620,355,353
7621,348,353
7622,344,350
7623,341,348
7624,339,350
7625,346,359
7626,348,362
7627,338,358
7628,327,349
7629,315,337
7630,303,327
7631,294,316
7632,283,305
7633,274,295
7634,266,288
7635,261,283
7636,257,277
7637,247,270
7638,237,261
7639,226,252
7640,217,244
7641,213,240
7642,209,236
7643,207,234
7644,206,233
7645,206,232
7646,206,231
7647,205,228
7648,199,219
7649,194,214
7650,199,212
7651,205,214
7652,210,218
7653,214,220
7654,212,216
7655,203,208
7656,196,201
7657,197,198
7658,199,196
7659,203,201
7660,210,207
7661,204,213
7662,198,220
7663,192,224
7664,184,222
7665,183,216
7666,175,208
7667,174,208
7668,173,213
7669,180,218
7670,183,221
7671,177,222
7672,170,220
7673,163,216
7674,156,214
7675,157,217
7676,159,220
7677,153,221
7678,149,221
7679,140,216
7680,131,206
7681,120,198
7682,111,191
7683,102,185
7684,101,182
7685,101,184
7686,101,186
7687,102,187
7688,104,185
7689,96,177
7690,84,166
7691,84,154
7692,84,142
7693,84,132
7694,84,125
7695,75,121
7696,71,119
7697,68,112
7698,65,101
7699,55,91
7700,46,82
7701,46,76
7702,46,72
7703,46,70
7704,46,66
7705,38,57
7706,30,49
7707,30,43
7708,30,39
7709,30,38
7710,30,38
7711,30,35
7712,28,32
7713,26,29
7714,23,26
7715,20,20
7716,15,13
7717,7,9
7718,2,9
7719,4,13
7720,7,16
7721,7,19
7722,7,20
7723,7,20
7724,7,21
7725,7,21
7726,7,21
7727,7,21
7728,7,21
7729,7,21
7730,7,23
7731,7,27
7732,10,33
7733,16,40
7734,22,45
7735,27,49
7736,27,52
7737,27,53
7738,27,54
7739,27,54
7740,27,54
7741,27,54
7742,27,54
7743,27,54
7744,27,54
7745,27,54
7746,27,54
7747,28,51
7748,30,50
7749,33,51
7750,35,52
7751,35,53
7752,35,53
7753,35,53
7754,35,53
7755,38,58
7756,47,67
7757,47,74
7758,47,78
7759,47,82
7760,47,81
7761,47,77
7762,44,71
7763,39,64
7764,32,59
7765,27,55
7766,27,52
7767,27,51
7768,27,50
7769,32,50
7770,41,55
7771,54,65
7772,67,78
7773,80,91
7774,86,103
7775,91,114
7776,96,122
7777,95,131
7778,92,135
7779,86,134
7780,81,132
7781,81,129
7782,81,130
7783,88,135
7784,94,140
7785,91,138
7786,82,131
7787,82,125
7788,82,120
7789,82,117
7790,82,115
7791,82,115
7792,82,115
7793,82,115
7794,82,115
7795,82,115
7796,82,115
7797,82,115
7798,82,115
7799,77,115
7800,68,110
7801,55,100
7802,42,87
7803,29,74
7804,22,62
7805,18,52
7806,13,43
7807,13,34
7808,13,27
7809,13,21
7810,13,19
7811,13,18
7812,13,16
7813,6,10
7814,0,5
7815,0,2
7816,0,0
7817,0,0
7818,0,0
7819,0,0
7820,0,0
7821,0,0
7822,0,0
7823,0,0
7824,0,0
7825,0,0
7826,0,0
7827,0,0
7828,0,0
7829,0,0
7830,0,0
7831,0,0
7832,0,0
7833,0,0
7834,0,0
7835,0,0
7836,0,0
7837,0,0
7838,0,0
7839,0,0
7840,0,0
7841,0,0
7842,0,2
7843,0,6
7844,5,12
7845,10,17
7846,16,22
7847,22,27
7848,27,32
7849,27,34
7850,27,35
7851,27,35
7852,27,36
7853,27,36
7854,27,36
7855,31,42
7856,37,51
7857,48,60
7858,58,69
7859,66,77
7860,72,83
7861,72,87
7862,72,88
7863,72,88
7864,72,88
7865,72,88
7866,72,88
7867,72,88
7868,72,88
7869,72,94
7870,78,102
7871,78,114
7872,78,127
7873,78,138
7874,74,149
7875,68,159
7876,77,170
7877,84,181
7878,95,193
7879,111,205
7880,128,221
7881,145,239
7882,145,255
7883,145,266
7884,145,273
7885,140,269
7886,134,260
7887,123,250
7888,114,242
7889,105,234
7890,99,231
7891,104,232
7892,109,233
7893,109,236
7894,109,238
7895,109,240
7896,109,240
7897,109,241
7898,109,241
7899,109,235
7900,103,229
7901,107,222
7902,114,216
7903,125,212
7904,136,207
7905,146,202
7906,142,197
7907,139,192
7908,134,187
7909,128,182
7910,122,175
7911,115,168
7912,126,162
7913,137,161
7914,148,165
7915,159,173
7916,165,182
7917,165,189
7918,165,193
7919,165,194
7920,165,191
7921,159,186
7922,155,183
7923,155,180
7924,155,178
7925,155,177
7926,155,176
7927,155,175
7928,155,175
7929,155,175
7930,155,173
7931,151,168
7932,144,160
7933,133,148
7934,122,137
7935,111,126
7936,102,115
7937,91,104
7944,80,93
7945,70,83
7946,60,73
7947,49,63
7948,39,52
7949,28,44
7950,17,39
7951,6,38
7952,0,38
7953,0,43
7954,0,51
7955,0,61
7956,0,74
7957,0,88
7958,0,98
7959,0,103
7960,4,108
7961,11,113
7962,17,119
7963,24,124
7964,29,129
7965,32,134
7966,40,142
7967,49,150
7968,53,156
7969,57,159
7970,61,165
7971,69,172
7972,76,178
7973,83,184
7974,90,190
7975,96,195
7976,102,199
7977,107,202
7978,111,205
7979,115,206
7980,121,206
7981,127,202
7982,133,198
7983,140,194
7984,148,188
7985,155,182
7986,162,176
7987,168,167
7988,174,161
7989,179,161
7990,182,163
7991,182,164
7992,183,165
7993,184,166
7994,186,167
7995,192,172
7996,190,172
7997,180,170
7998,176,169
7999,173,171
8000,180,175
8001,184,180
8002,188,184
8003,191,189
8004,195,195
8005,199,198
8006,201,201
8007,200,204
8008,201,207
8009,205,211
8010,208,215
8011,211,219
8012,213,222
8013,215,226
8014,216,229
8015,218,232
8016,220,236
8017,223,240
8018,227,244
8019,231,249
8020,234,253
8021,235,255
8022,236,256
8023,232,254
8024,228,255
8025,226,254
8026,228,254
8027,235,256
8028,243,258
8029,244,259
8030,234,254
8031,224,246
8032,213,237
8033,202,228
8034,191,217
8035,181,209
8036,174,202
8037,169,198
8038,165,197
8039,156,197
8040,147,196
8041,139,196
8042,134,197
8043,134,197
8044,134,198
8045,127,194
8046,118,187
8047,110,179
8048,102,172
8049,93,163
8050,86,158
8051,82,152
8052,77,148
8053,73,145
8054,69,139
8055,63,131
8056,55,123
8057,48,115
8058,40,108
8059,39,102
8060,37,97
8061,36,94
8062,36,91
8063,36,89
8064,36,89
8065,36,89
8066,36,89
8067,36,87
8068,36,82
8069,36,74
8070,36,66
8071,36,56
8072,32,47
8073,24,37
8074,14,27
8075,14,21
8076,13,19
8077,12,25
8078,14,28
8079,15,32
8080,16,31
8081,16,32
8082,16,32
8083,17,32
8084,18,32
8085,19,32
8086,19,32
8087,19,33
8088,19,34
8089,19,38
8090,20,42
8091,24,46
8092,29,50
8093,33,54
8094,38,58
8095,42,61
8096,46,64
8097,48,66
8098,51,69
8099,54,71
8100,57,73
8101,58,75
8102,65,77
8103,72,80
8104,75,86
8105,77,92
8106,87,102
8107,102,105
8108,109,104
8109,108,103
8110,104,101
8111,100,104
8112,103,117
8113,122,139
8114,145,161
8115,168,183
8116,191,205
8117,213,228
8118,235,249
8119,257,268
8120,278,287
8121,298,306
8122,315,326
8123,333,345
8124,351,365
8125,369,384
8126,387,403
8127,406,424
8128,424,443
8129,442,462
8130,463,482
8131,482,499
8132,495,514
8133,505,526
8134,518,537
8135,533,551
8136,543,560
8137,546,569
8138,555,584
8139,575,602
8140,596,621
8141,616,634
8142,629,638
8143,628,634
8144,622,629
8145,616,624
8146,611,619
8147,607,614
8148,602,610
8149,597,604
8150,591,597
8151,585,590
8152,578,583
8153,571,576
8154,564,568
8155,557,560
8156,550,552
8157,542,543
8158,535,534
8159,527,526
8160,508,515
8161,493,504
8162,476,491
8163,462,479
8164,450,465
8165,435,448
8166,419,431
8167,400,413
8168,381,393
8169,361,374
8170,340,355
8171,322,337
8172,305,320
8173,288,303
8174,272,286
8175,255,268
8176,239,251
8177,224,234
8178,208,218
8179,192,202
8180,175,187
8181,158,171
8182,142,155
8183,127,139
8184,112,124
8185,98,111
8186,86,99
8187,72,88
8188,58,77
8189,44,66
8190,39,56
8191,35,48
8192,31,45
8193,30,46
8194,30,48
8195,33,50
8196,36,53
8197,42,56
8198,47,60
8199,53,63
8200,58,65
8201,62,68
8202,66,71
8203,70,75
8204,75,79
8205,79,82
8206,83,86
8207,87,90
8208,92,94
8209,98,98
8210,104,103
8211,110,107
8212,116,111
8213,121,115
8214,124,118
8215,126,120
8216,129,122
8217,134,123
8218,138,124
8219,143,126
8220,147,129
8221,151,132
8222,156,135
8223,159,134
8224,159,132
8225,156,129
8226,150,126
8227,144,122
8228,139,118
8229,133,113
8230,128,109
8231,122,105
8232,116,103
8233,111,100
8234,105,96
8235,100,93
8236,98,95
8237,99,96
8238,99,96
8239,99,95
8240,97,93
8241,93,92
8242,90,89
8243,87,88
8244,89,89
8245,89,89
8246,84,88
8247,80,86
8248,75,85
8249,73,83
8250,70,82
8251,70,82
8252,68,81
8253,67,82
8254,70,85
8255,74,89
8256,81,94
8257,88,99
8258,94,104
8259,100,110
8260,109,118
8261,123,129
8262,137,139
8263,151,151
8264,162,158
8265,172,170
8266,183,178
8267,192,186
8268,201,194
8269,210,203
8270,220,212
8271,232,222
8272,243,232
8273,254,240
8274,261,247
8275,269,254
8276,282,262
8277,295,272
8278,307,280
8279,317,294
8280,331,311
8281,345,326
8282,361,342
8283,375,356
8284,386,368
8285,396,379
8286,397,389
8287,400,393
8288,399,395
8289,400,402
8290,403,407
8291,401,407
8292,398,405
8293,389,403
8294,383,403
8295,374,395
8296,362,383
8297,348,373
8298,339,365
8299,329,357
8300,320,349
8301,311,340
8302,301,333
8303,293,327
8304,287,325
8305,284,324
8306,281,323
8307,278,321
8308,276,320
8309,273,313
8310,268,304
8311,259,295
8312,249,285
8313,240,276
8314,231,268
8315,224,260
8316,225,254
8317,221,252
8318,220,250
8319,219,242
8320,213,235
8321,207,229
8322,202,223
8323,203,218
8324,203,214
8325,206,213
8326,209,215
8327,212,215
8328,211,213
8329,210,212
8330,210,212
8331,209,211
8332,210,211
8333,212,210
8334,211,206
8335,207,201
8336,203,196
8337,198,189
8338,190,184
8339,186,180
8340,182,175
8341,179,170
8342,175,165
8343,171,160
8344,168,156
8345,165,151
8346,160,147
8347,163,146
8348,166,147
8349,164,151
8350,166,158
8351,173,166
8352,180,174
8353,186,181
8354,192,188
8355,197,194
8356,202,201
8357,209,208
8358,215,215
8359,215,222
8360,215,223
8361,214,225
8362,215,227
8363,217,229
8364,218,230
8365,219,231
8366,220,233
8367,222,235
8368,225,235
8369,226,234
8370,225,233
8371,225,233
8372,225,233
8373,225,234
8374,225,234
8375,226,235
8376,228,234
8377,228,234
8378,229,235
8379,232,234
8380,233,228
8381,228,222
8382,223,217
8383,219,212
8384,215,207
8385,213,204
8386,210,200
8387,208,196
8388,204,192
8389,207,187
8390,211,190
8391,216,191
8392,218,192
8393,219,192
8394,220,193
8395,220,193
8396,221,193
8397,222,194
8398,222,195
8399,224,196
8400,225,198
8401,227,198
8402,228,199
8403,229,201
8404,231,203
8405,233,204
8406,234,205
8407,238,209
8408,245,216
8409,252,224
8410,250,229
8411,241,231
8412,233,230
8413,225,226
8414,227,229
8415,229,232
8416,231,235
8417,231,236
8418,226,234
8419,220,231
8420,216,228
8421,213,226
8422,211,224
8423,207,221
8424,204,218
8425,201,215
8426,197,212
8427,190,208
8428,183,203
8429,176,197
8430,170,191
8431,163,186
8432,156,180
8433,149,173
8434,141,167
8435,133,159
8436,125,152
8437,114,142
8438,99,127
8439,84,112
8440,77,100
8441,77,90
8442,77,83
8443,77,80
8444,67,69
8445,57,59
8446,47,48
8447,38,40
8448,35,34
8449,32,30
8450,28,25
8451,22,20
8452,17,16
8453,12,21
8454,13,27
8455,18,34
8456,26,43
8457,33,50
8458,33,57
8459,33,62
8460,33,64
8461,33,64
8462,39,65
8463,39,65
8464,39,65
8465,39,65
8466,40,65
8467,40,65
8468,40,65
8469,40,65
8470,40,65
8471,40,65
8472,40,65
8473,40,65
8474,40,65
8475,40,65
8476,40,65
8477,40,65
8478,40,65
8479,40,65
8480,40,65
8481,40,65
8482,40,65
8483,40,56
8484,34,47
8485,25,36
8486,13,25
8487,7,16
8488,7,9
8489,7,4
8490,7,1
8491,7,1
