elapsed,stages-favero
0,0
1,0
2,0
3,0
4,0
5,0
6,0
7,0
8,0
9,0
10,0
11,0
12,0
13,0
14,0
15,0
16,0
17,0
18,0
19,0
20,0
21,0
22,0
23,0
24,0
25,0
26,0
27,0
28,0
29,0
30,0
31,0
32,0
33,0
34,0
35,0
36,0
37,0
38,0
39,0
40,0
41,0
42,0
43,0
44,0
45,0
46,0
47,0
48,0
49,0
50,0
51,0
52,0
53,0
54,0
55,0
56,0
57,0
58,0
59,0
60,0
61,0
62,0
63,0
64,0
65,0
66,0
67,0
68,0
69,0
70,0
71,0
72,0
73,0
74,0
75,0
76,0
77,0
78,0
79,0
80,0
81,0
82,0
83,0
84,0
85,0
86,0
87,0
88,0
89,0
90,0
91,0
92,0
93,0
94,0
95,0
96,0
97,0
98,0
99,0
100,0
101,0
102,0
103,0
104,0
105,0
106,0
107,0
108,0
109,0
110,0
111,0
112,0
113,0
114,0
115,0
116,0
117,0
118,0
119,0
120,0
121,0
122,0
123,0
124,0
125,0
126,0
127,0
128,0
129,0
130,0
131,0
132,0
133,0
134,0
135,0
136,0
137,0
138,0
139,0
140,0
141,0
142,0
143,0
144,0
145,0
146,0
147,0
148,0
149,0
150,0
151,0
152,0
153,0
154,0
155,0
156,0
157,0
158,0
159,0
160,0
161,0
162,0
163,0
164,0
165,0
166,0
167,0
168,0
169,0
170,0
171,0
172,0
173,0
174,0
175,0
176,0
177,0
178,0
179,0
180,0
181,0
182,0
183,0
184,0
185,0
186,0
187,0
188,0
189,0
190,0
191,0
192,0
193,0
194,0
195,0
196,0
197,0
198,0
199,0
200,0
201,0
202,0
203,0
204,0
205,0
206,0
207,0
208,0
209,0
210,0
211,0
212,0
213,0
214,0
215,0
216,0
217,0
218,0
219,0
220,0
221,0
222,0
223,0
224,0
225,0
226,0
227,0
228,0
229,0
230,0
231,0
232,0
233,0
234,0
235,0
236,0
237,0
238,0
239,0
240,0
241,0
242,0
243,0
244,0
245,0
246,0
247,0
248,0
249,0
250,0
251,0
252,0
253,0
254,0
255,0
256,0
257,0
258,0
259,0
260,0
261,0
262,0
263,0
264,0
265,0
266,0
267,0
268,0
269,0
270,0
271,0
272,0
273,0
274,0
275,0
276,0
277,0
278,0
279,0
280,0
281,0
282,0
283,0
284,0
285,0
286,0
287,0
288,0
289,0
290,0
291,0
292,0
293,0
294,0
295,0
296,0
297,0
298,0
299,0
300,0
301,0
302,0
303,0
304,0
305,0
306,0
307,0
308,0
309,0
310,0
311,0
312,0
313,0
314,0
315,0
316,0
317,0
318,0
319,0
320,0
321,0
322,0
323,0
324,0
325,0
326,0
327,0
328,0
329,0
330,0
331,0
332,0
333,0
334,0
335,0
336,0
337,0
338,0
339,0
340,0
341,0
342,0
343,0
344,0
345,0
346,0
347,0
348,0
349,0
350,0
351,0
352,0
353,0
354,0
355,0
356,0
357,0
358,0
359,0
360,0
361,0
362,0
363,0
364,0
365,0
366,0
367,0
368,0
369,0
370,0
371,0
372,0
373,0
374,0
375,0
376,0
377,0
378,0
379,0
380,0
381,0
382,0
383,0
384,0
385,0
386,0
387,0
388,0
389,0
390,0
391,0
392,0
393,0
394,0
395,0
396,0
397,0
398,0
399,0
400,0
401,0
402,0
403,0
404,0
405,0
406,0
407,0
408,0
409,0
410,0
411,0
412,0
413,0
414,0
415,0
416,0
417,0
418,0
419,0
420,0
421,0
422,0
423,0
424,0
425,0
426,0
427,0
428,0
429,0
430,0
431,0
432,0
433,0
434,0
435,0
436,0
437,0
438,0
439,0
440,0
441,0
442,0
443,0
444,0
445,0
446,0
447,0
448,0
449,0
450,0
451,0
452,0
453,0
454,0
455,0
456,0
457,0
458,0
459,0
460,0
461,0
462,0
463,0
464,0
465,0
466,0
467,0
468,0
469,0
470,0
471,0
472,0
473,0
474,0
475,0
476,0
477,0
478,0
479,0
480,0
481,0
482,0
483,0
484,0
485,0
486,0
487,0
488,0
489,0
490,0
491,0
492,0
493,0
494,0
495,0
496,0
497,0
498,0
499,0
500,0
501,0
502,0
503,0
504,0
505,0
506,0
507,0
508,0
509,-1
510,-4
511,-8
512,-12
513,-17
514,-21
515,-26
516,-31
517,-36
518,-40
519,-44
520,-47
521,-50
522,-53
523,-57
524,-62
525,-67
526,-71
527,-76
528,-80
529,-83
530,-86
531,-89
532,-91
533,-93
534,-95
535,-97
536,-99
537,-101
538,-103
539,-103
540,-101
541,-98
542,-95
543,-92
544,-89
545,-85
546,-81
547,-78
548,-76
549,-73
550,-71
551,-69
552,-67
553,-63
554,-59
555,-56
556,-53
557,-50
558,-47
559,-45
560,-43
561,-41
562,-39
563,-37
564,-35
565,-33
568,-31
569,-29
570,-27
571,-26
572,-25
573,-24
574,-23
575,-22
576,-21
577,-20
578,-19
579,-18
580,-18
581,-18
582,-18
583,-19
584,-20
585,-22
586,-22
587,-21
588,-20
589,-20
590,-19
591,-19
592,-19
593,-20
594,-21
595,-22
596,-23
597,-23
598,-24
599,-24
600,-24
601,-24
602,-24
603,-24
604,-23
605,-23
618,-23
619,-23
620,-22
621,-21
622,-20
623,-19
624,-17
625,-15
626,-13
627,-12
628,-10
689,-10
690,-9
691,-8
692,-7
693,-6
694,-5
695,-4
696,-5
697,-8
698,-10
699,-12
700,-14
701,-15
702,-15
703,-15
704,-15
705,-15
706,-15
707,-15
708,-16
709,-17
710,-19
711,-18
712,-18
713,-18
714,-21
715,-20
716,-20
717,-25
718,-37
719,-46
720,-50
721,-46
722,-44
723,-44
724,-49
725,-55
726,-57
727,-48
728,-43
729,-40
730,-43
731,-46
732,-45
733,-47
734,-48
735,-52
736,-53
737,-53
738,-52
739,-50
740,-48
741,-50
742,-51
743,-53
744,-50
745,-50
746,-50
747,-45
748,-33
749,-24
750,-20
751,-24
752,-25
753,-25
754,-20
755,-13
756,-9
757,-14
758,-16
759,-17
760,-12
761,-10
762,-11
763,-10
764,-10
765,-6
766,-6
767,-7
768,-10
769,-13
770,-13
771,-12
772,-9
773,-8
774,-10
775,-10
776,-10
777,-12
778,-14
779,-15
780,-17
781,-17
782,-18
783,-19
784,-20
785,-21
786,-23
787,-26
788,-27
789,-26
790,-26
791,-25
792,-24
793,-21
794,-18
795,-17
796,-16
797,-16
798,-13
799,-11
800,-7
801,-6
802,-6
803,-7
804,-5
805,-4
806,-5
807,-3
808,-1
809,0
810,2
811,1
812,-3
813,-4
814,-5
815,-1
816,1
817,4
818,5
819,4
820,4
821,4
822,4
823,2
824,3
825,3
826,3
827,4
828,3
829,4
830,0
831,-2
832,-3
833,-3
834,-2
835,-1
836,0
837,0
838,0
839,0
840,-1
841,1
842,5
843,8
844,9
845,6
846,6
847,3
848,1
849,1
850,1
851,-3
852,-7
853,-10
854,-12
855,-13
856,-14
857,-15
858,-14
859,-14
860,-14
861,-15
862,-14
863,-16
864,-16
865,-16
866,-17
867,-17
868,-18
869,-18
870,-17
871,-17
872,-17
873,-18
874,-18
875,-18
876,-17
877,-15
878,-16
879,-17
880,-18
881,-13
882,-10
883,-7
884,-8
885,-6
886,-6
887,-6
888,-6
889,-6
890,-5
891,-5
892,-5
893,-6
894,-8
895,-13
896,-12
897,-10
898,-10
899,-10
900,-13
901,-13
902,-12
903,-11
904,-11
905,-11
906,-12
907,-11
908,-7
909,-5
910,-4
911,-6
912,-4
913,-3
914,-3
915,-3
916,-2
917,-3
918,-2
919,-4
920,-6
921,-6
922,-10
923,-12
924,-10
925,-6
926,-3
927,-3
928,-1
929,2
930,8
931,9
932,10
933,9
934,9
935,9
936,9
937,7
938,5
939,4
940,5
941,7
942,6
943,6
944,6
945,6
946,6
947,6
948,6
949,9
950,11
951,11
952,16
953,17
954,18
955,19
956,14
957,12
958,10
959,7
960,4
961,2
962,4
963,8
964,8
965,7
966,-3
967,-8
968,-7
969,-7
970,-8
971,-8
1104,-8
1105,-9
1106,-9
1107,-7
1108,-9
1109,-10
1110,-11
1111,-7
1112,-6
1113,-6
1114,-6
1115,-5
1116,-6
1117,-8
1118,-7
1119,-6
1120,-5
1121,-5
1122,-5
1123,-5
1124,-9
1125,-12
1126,-14
1127,-8
1128,6
1129,14
1130,15
1131,16
1132,16
1133,16
1134,16
1135,16
1136,16
1137,14
1138,14
1139,13
1140,12
1141,6
1142,5
1143,4
1144,4
1145,5
1146,6
1147,7
1148,6
1149,5
1150,4
1151,4
1152,4
1153,5
1154,5
1155,5
1156,6
1157,2
1158,-3
1159,-4
1160,-5
1161,-7
1162,-8
1163,-10
1164,-10
1165,-14
1166,-17
1167,-19
1168,-18
1169,-16
1170,-14
1171,-13
1172,-13
1173,-12
1174,-12
1175,-12
1176,-12
1177,-12
1178,-12
1179,-12
1180,-12
1181,-12
1182,-12
1183,-12
1184,-12
1185,-12
1186,-12
1187,-12
1188,-12
1189,-12
1190,-12
1191,-11
1192,-11
1193,-8
1194,-2
1195,2
1196,6
1197,7
1198,1
1199,1
1200,-4
1201,-9
1202,-9
1203,-10
1204,-14
1205,-17
1206,-19
1207,-19
1208,-20
1209,-20
1210,-21
1211,-22
1212,-24
1213,-26
1214,-26
1215,-29
1216,-32
1217,-33
1218,-33
1219,-33
1220,-33
1221,-37
1222,-35
1223,-40
1224,-46
1225,-48
1226,-50
1227,-51
1228,-51
1229,-55
1230,-52
1231,-48
1232,-47
1233,-47
1234,-43
1235,-40
1236,-38
1237,-38
1238,-37
1239,-36
1240,-36
1241,-34
1242,-32
1243,-31
1244,-30
1245,-27
1246,-25
1247,-23
1248,-24
1249,-24
1250,-26
1251,-23
1252,-24
1253,-21
1254,-21
1255,-18
1256,-17
1257,-16
1258,-10
1259,-6
1260,-4
1261,-4
1262,-4
1263,-4
1264,-7
1265,-9
1266,-15
1267,-26
1268,-33
1269,-38
1270,-39
1271,-39
1272,-39
1273,-39
1274,-39
1275,-34
1276,-29
1277,-30
1278,-31
1279,-30
1280,-34
1281,-37
1282,-42
1283,-43
1284,-43
1285,-42
1286,-42
1287,-48
1288,-53
1289,-56
1290,-57
1291,-55
1292,-56
1293,-56
1294,-53
1295,-53
1296,-45
1297,-32
1298,-23
1299,-23
1300,-23
1301,-24
1302,-23
1303,-22
1304,-26
1305,-31
1306,-37
1307,-38
1308,-36
1309,-36
1310,-30
1311,-26
1312,-21
1313,-22
1314,-23
1315,-23
1316,-22
1317,-15
1318,-10
1319,-4
1320,-5
1321,-6
1322,-6
1323,-5
1324,-4
1325,-4
1326,-8
1327,-12
1328,-14
1329,-11
1330,-10
1331,-8
1332,-9
1333,-7
1334,1
1335,1
1336,3
1337,5
1338,4
1339,4
1340,4
1341,4
1342,4
1343,6
1344,9
1345,9
1346,10
1347,7
1348,6
1349,5
1350,7
1351,7
1352,7
1353,7
1354,8
1355,11
1356,14
1357,15
1358,16
1359,19
1360,20
1361,20
1362,17
1363,13
1364,11
1365,10
1366,10
1367,10
1368,6
1369,3
1370,3
1371,3
1372,3
1373,3
1374,-1
1375,-7
1376,-9
1377,-10
1378,-9
1379,-10
1380,-10
1381,-10
1382,-10
1383,-10
1384,-10
1385,-10
1386,-11
1387,-11
1388,-10
1389,-11
1390,-12
1391,-12
1392,-9
1393,-8
1394,-13
1395,-15
1396,-16
1397,-15
1398,-10
1399,-6
1400,-5
1401,-5
1402,-4
1403,-5
1404,-9
1405,-8
1406,-10
1407,-3
1408,-2
1409,-2
1410,-2
1411,-2
1412,-2
1413,-3
1414,-3
1415,-3
1416,-4
1417,-4
1418,-4
1419,-7
1420,-9
1421,-13
1422,-12
1423,-11
1424,-8
1425,-5
1426,-7
1427,-9
1428,-13
1429,-18
1430,-19
1431,-19
1432,-22
1433,-21
1434,-16
1435,-15
1436,-11
1437,-15
1438,-15
1439,-18
1440,-19
1441,-22
1442,-21
1443,-20
1444,-20
1445,-20
1446,-20
1447,-19
1448,-19
1449,-12
1450,-9
1451,-5
1452,-5
1453,-5
1454,-4
1455,-5
1456,-2
1457,-1
1458,2
1459,6
1460,6
1461,7
1462,10
1463,13
1464,17
1465,20
1466,18
1467,19
1468,17
1469,19
1470,23
1471,30
1472,32
1473,29
1474,27
1475,28
1476,28
1477,27
1478,28
1479,24
1480,23
1481,21
1482,21
1483,21
1484,21
1485,21
1486,21
1487,21
1488,20
1489,20
1490,20
1491,20
1492,19
1493,18
1494,15
1495,15
1496,15
1497,16
1498,16
1499,17
1500,15
1501,11
1502,9
1503,10
1504,12
1505,12
1506,12
1507,12
1508,12
1509,12
1510,11
1511,9
1512,7
1513,8
1514,7
1515,4
1516,0
1517,-3
1518,-4
1519,-2
1520,-5
1521,-6
1522,-9
1523,-8
1524,-8
1525,-11
1526,-14
1527,-15
1528,-18
1529,-21
1530,-22
1531,-23
1532,-25
1533,-26
1534,-26
1535,-26
1536,-27
1537,-27
1538,-27
1539,-27
1540,-26
1541,-24
1542,-22
1543,-22
1544,-23
1545,-16
1546,-8
1547,-3
1548,0
1549,-4
1550,0
1551,2
1552,5
1553,5
1554,2
1555,5
1556,8
1557,9
1558,11
1559,15
1560,16
1561,17
1562,18
1563,19
1564,20
1565,19
1566,19
1567,18
1568,18
1569,18
1570,18
1571,18
1572,21
1573,24
1574,25
1575,21
1576,17
1577,13
1578,12
1579,13
1580,9
1581,3
1582,-1
1583,-3
1584,-1
1585,-2
1586,-2
1587,-2
1588,-3
1589,-3
1590,-4
1591,-4
1592,-5
1593,-5
1818,-5
1819,-8
1820,-15
1821,-24
1822,-34
1823,-44
1824,-54
1825,-59
1826,-60
1827,-64
1828,-65
1829,-66
1830,-66
1831,-65
1832,-64
1833,-61
1834,-57
1835,-51
1836,-48
1837,-47
1838,-46
1839,-46
1840,-45
1841,-47
1842,-48
1843,-53
1844,-55
1845,-62
1846,-68
1847,-72
1848,-76
1849,-73
1850,-66
1851,-57
1852,-52
1853,-45
1854,-39
1855,-38
1856,-41
1857,-44
1858,-46
1859,-48
1860,-49
1861,-52
1862,-55
1863,-61
1864,-62
1865,-63
1866,-63
1867,-66
1868,-69
1869,-71
1870,-71
1871,-72
1872,-73
1873,-71
1874,-72
1875,-65
1876,-59
1877,-55
1878,-51
1879,-50
1880,-46
1881,-44
1882,-39
1883,-37
1884,-34
1885,-31
1886,-28
1887,-23
1888,-20
1889,-19
1890,-20
1891,-17
1892,-14
1893,-11
1894,-10
1895,-13
1896,-15
1897,-13
1898,-10
1899,-8
1900,-8
1901,-5
1902,-3
1903,0
1904,3
1905,5
1906,4
1907,5
1908,6
1909,3
1910,-2
1911,-2
1912,-2
1913,0
1914,0
1915,1
1916,0
1917,-1
1918,-2
1919,0
1920,2
1921,2
1922,1
1923,1
1924,2
1925,4
1926,7
1927,8
1928,8
1929,8
1930,8
1931,8
1932,6
1933,5
1934,4
1935,6
1936,6
1937,3
1938,1
1939,3
1940,8
1941,9
1942,12
1943,11
1944,11
1945,11
1946,10
1947,10
1948,11
1949,11
1950,10
1951,11
1952,13
1953,12
1954,15
1955,14
1956,15
1957,15
1958,13
1959,12
1960,10
1961,15
1962,18
1963,17
1964,17
1965,15
1966,13
1967,14
1968,15
1969,16
1970,12
1971,10
1972,7
1973,7
1974,7
1975,6
1976,6
1977,5
1978,6
1979,6
1980,7
1981,7
1982,7
1983,8
1984,5
1985,5
1986,5
1987,5
1988,8
1989,8
1990,10
1991,5
1992,5
1993,7
1994,7
1995,9
1996,10
1997,12
1998,12
1999,12
2000,13
2001,14
2002,15
2003,16
2004,17
2005,18
2006,18
2007,18
2008,17
2009,16
2010,17
2011,16
2012,16
2013,16
2014,17
2015,17
2016,17
2017,17
2018,17
2019,18
2020,18
2021,18
2022,17
2023,17
2024,17
2025,17
2026,16
2027,16
2028,16
2029,15
2030,15
2031,15
2032,15
2033,14
2034,14
2035,14
2036,20
2037,22
2038,23
2039,23
2040,23
2041,23
2042,24
2043,24
2044,24
2045,24
2046,23
2047,24
2048,24
2049,24
2050,24
2051,24
2052,24
2053,24
2054,24
2055,24
2056,25
2057,26
2058,26
2059,26
2060,26
2061,26
2062,26
2063,27
2064,26
2065,26
2066,19
2067,19
2068,20
2069,19
2070,19
2071,19
2072,20
2073,19
2074,18
2075,17
2076,19
2077,19
2078,18
2079,19
2080,19
2081,19
2082,20
2083,20
2084,20
2085,20
2086,20
2087,19
2088,20
2089,20
2090,20
2091,20
2092,20
2093,20
2094,20
2095,21
2096,23
2097,17
2098,15
2099,13
2100,23
2101,35
2102,42
2103,32
2104,26
2105,24
2106,20
2107,16
2108,16
2109,15
2110,13
2111,11
2112,10
2113,9
2114,9
2115,6
2116,5
2117,1
2118,-4
2119,-7
2120,-8
2121,-12
2122,-16
2123,-20
2124,-24
2125,-26
2126,-26
2127,-21
2128,-20
2129,-18
2130,-29
2131,-41
2132,-49
2133,-39
2134,-33
2135,-30
2136,-28
2137,-24
2138,-24
2139,-24
2140,-23
2141,-21
2142,-20
2143,-19
2144,-19
2145,-18
2146,-18
2147,-15
2148,-10
2149,-7
2150,-6
2151,-4
2152,0
2153,4
2154,8
2155,9
2156,7
2157,7
2158,8
2159,8
2160,8
2161,8
2162,9
2163,9
2164,10
2165,10
2166,10
2167,10
2168,10
2169,11
2170,9
2171,8
2172,9
2173,9
2174,9
2175,10
2176,11
2177,11
2178,11
2179,11
2180,10
2181,11
2182,11
2183,11
2184,11
2185,11
2186,11
2187,11
2188,11
2189,11
2190,11
2191,11
2192,9
2193,5
2194,2
2195,1
2196,0
2197,-1
2198,-3
2199,-5
2200,-3
2201,-5
2202,-11
2203,-13
2204,-12
2205,-16
2206,-17
2207,-19
2208,-19
2209,-19
2210,-20
2211,-20
2212,-21
2213,-22
2214,-22
2215,-22
2216,-26
2217,-34
2218,-43
2219,-50
2220,-53
2221,-52
2222,-57
2223,-56
2224,-53
2225,-51
2226,-49
2227,-49
2228,-46
2229,-44
2230,-43
2231,-40
2232,-35
2233,-32
2234,-33
2235,-28
2236,-27
2237,-24
2238,-23
2239,-23
2240,-22
2241,-22
2242,-22
2243,-17
2244,-13
2245,-11
2246,-9
2247,-6
2248,2
2249,9
2250,10
2251,12
2252,16
2253,18
2254,16
2255,15
2256,15
2257,14
2258,14
2259,14
2260,14
2261,13
2262,13
2263,13
2264,12
2265,12
2266,11
2267,10
2268,9
2269,6
2270,3
2271,2
2272,1
2273,-7
2274,-10
2275,-11
2276,-7
2277,-2
2278,0
2279,-6
2280,-8
2281,-10
2282,-9
2283,-10
2284,-11
2285,-11
2286,-12
2287,-12
2288,-14
2289,-15
2290,-16
2291,-17
2292,-18
2293,-18
2294,-22
2295,-26
2296,-27
2297,-26
2298,-25
2299,-21
2300,-18
2301,-16
2302,-13
2303,-9
2304,-9
2305,-10
2306,-10
2307,-11
2308,-11
2309,-3
2310,0
2311,2
2312,3
2313,5
2314,7
2315,8
2316,9
2317,10
2318,12
2319,13
2320,14
2321,15
2322,17
2323,17
2324,19
2325,25
2326,24
2327,23
2328,23
2329,22
2330,22
2331,22
2332,22
2333,21
2334,20
2335,17
2336,16
2337,15
2338,15
2339,14
2340,18
2341,19
2342,19
2343,19
2344,19
2345,19
2346,19
2347,20
2348,19
2349,19
2350,18
2351,18
2352,18
2353,18
2354,19
2355,18
2356,21
2357,21
2358,20
2359,21
2360,21
2361,21
2362,20
2363,20
2364,21
2365,24
2366,24
2367,26
2368,25
2369,25
2370,21
2371,19
2372,19
2373,18
2374,17
2375,15
2376,15
2377,9
2378,4
2379,1
2380,1
2381,3
2382,2
2383,2
2384,2
2385,2
2386,-1
2387,-1
2388,-2
2389,-2
2390,-2
2391,-2
2392,-2
2393,-2
2394,-2
2395,-1
2396,0
2397,0
2398,0
2399,1
2400,1
2401,1
2402,1
2403,2
2404,2
2405,4
2406,4
2407,10
2408,15
2409,18
2410,18
2411,16
2412,17
2413,17
2414,18
2415,18
2416,19
2417,21
2418,22
2419,23
2420,23
2421,24
2422,24
2423,24
2424,24
2425,22
2426,22
2427,22
2428,21
2429,21
2430,22
2431,19
2432,18
2433,16
2434,15
2435,14
2436,13
2437,11
2438,10
2439,9
2440,8
2441,7
2442,6
2443,6
2444,6
2445,6
2446,7
2447,5
2448,4
2449,4
2450,3
2451,3
2452,2
2453,2
2454,2
2455,3
2456,3
2457,3
2458,3
2459,3
2460,2
2461,5
2462,6
2463,8
2464,10
2465,10
2466,9
2467,11
2468,12
2469,14
2470,15
2471,16
2472,16
2473,14
2474,13
2475,11
2476,9
2477,9
2478,8
2479,7
2480,-3
2481,-12
2482,-21
2483,-31
2484,-30
2485,-30
2486,-30
2487,-33
2488,-33
2489,-34
2490,-35
2491,-37
2492,-39
2493,-42
2494,-44
2495,-44
2496,-41
2497,-41
2498,-41
2499,-44
2500,-45
2501,-45
2502,-46
2503,-44
2504,-43
2505,-43
2506,-41
2507,-39
2508,-38
2509,-37
2510,-27
2511,-17
2512,-8
2513,2
2514,2
2515,3
2516,4
2517,6
2518,7
2519,8
2520,10
2521,12
2522,14
2523,17
2524,17
2525,17
2526,17
2527,17
2528,18
2529,20
2530,21
2531,22
2532,23
2533,24
2534,25
2535,26
2536,26
2537,26
2538,26
2539,25
2540,25
2541,26
2542,25
2543,26
2544,25
2545,24
2546,24
2547,22
2548,19
2549,18
2550,16
2551,10
2552,7
2553,7
2554,7
2555,8
2556,8
2557,8
2558,8
2559,6
2560,6
2561,6
2562,7
2563,5
2564,3
2565,2
2566,0
2567,-2
2568,-2
2569,-2
2570,-2
2571,-2
2572,-2
2573,-1
2574,-2
2575,-2
2576,-2
2577,0
2578,2
2579,2
2580,3
2581,11
2582,16
2583,15
2584,15
2585,15
2586,14
2587,13
2588,14
2589,15
2590,15
2591,15
2592,14
2593,17
2594,18
2595,18
2596,18
2597,20
2598,21
2599,21
2600,22
2601,22
2602,22
2603,22
2604,23
2605,23
2606,24
2607,25
2608,24
2609,23
2610,24
2611,22
2612,20
2613,22
2614,22
2615,23
2616,24
2617,25
2618,25
2619,23
2620,21
2621,22
2622,22
2623,22
2624,23
2625,24
2626,25
2627,25
2628,25
2629,25
2630,24
2631,24
2632,24
2633,24
2634,23
2635,23
2636,23
2637,23
2638,23
2639,26
2640,26
2641,26
2642,26
2643,26
2644,25
2645,25
2646,25
2647,24
2648,24
2649,24
2650,25
2651,23
2652,22
2653,22
2654,21
2655,22
2656,24
2657,23
2658,23
2659,22
2660,22
2661,22
2662,22
2663,21
2664,21
2665,21
2666,20
2667,18
2668,17
2669,16
2670,13
2671,11
2672,10
2673,9
2674,8
2675,7
2676,6
2677,6
2678,5
2679,6
2680,6
2681,7
2682,9
2683,12
2684,12
2685,11
2686,9
2687,9
2688,9
2689,9
2690,9
2691,9
2692,9
2693,9
2694,9
2695,9
2696,10
2697,12
2698,13
2699,14
2700,17
2701,18
2702,18
2703,19
2704,17
2705,16
2706,15
2707,15
2708,15
2709,14
2710,12
2711,11
2712,8
2713,3
2714,1
2715,0
2716,-2
2717,-4
2718,-5
2719,-7
2720,-8
2721,-10
2722,-11
2723,-12
2724,-14
2725,-15
2726,-17
2727,-18
2728,-19
2729,-21
2730,-22
2731,-23
2732,-24
2733,-24
2734,-23
2735,-22
2736,-22
2737,-28
2738,-26
2739,-27
2740,-25
2741,-23
2742,-21
2743,-20
2744,-18
2745,-16
2746,-14
2747,-13
2748,-10
2749,-15
2750,-14
2751,-12
2752,-12
2753,-10
2754,-8
2755,-6
2756,-4
2757,-4
2758,-1
2759,-4
2760,-6
2761,-4
2762,-1
2763,0
2764,2
2765,3
2766,4
2767,12
2768,11
2769,13
2770,13
2771,13
2772,13
2773,13
2774,9
2775,7
2776,6
2777,6
2778,6
2779,13
2780,13
2781,13
2782,14
2783,11
2784,8
2785,8
2786,7
2787,10
2788,10
2789,15
2790,17
2791,16
2792,16
2793,14
2794,13
2795,13
2796,13
2797,13
2798,9
2799,9
2800,8
2801,8
2802,9
2803,10
2804,15
2805,17
2806,17
2807,17
2808,17
2809,16
2810,15
2811,15
2812,15
2813,17
2814,19
2815,18
2816,19
2817,15
2818,12
2819,12
2820,13
2821,13
2822,14
2823,15
2824,16
2825,15
2826,16
2827,13
2828,12
2829,12
2830,12
2831,12
2832,13
2833,13
2834,12
2835,13
2836,15
2837,17
2838,18
2839,19
2840,20
2841,20
2842,21
2843,22
2844,22
2845,23
2846,23
2847,22
2848,22
2849,21
2850,22
2851,20
2852,19
2853,16
2854,13
2855,7
2856,5
2857,7
2858,13
2859,13
2860,13
2861,13
2862,11
2863,10
2864,8
2865,7
2866,4
2867,2
2868,2
2869,1
2870,-2
2871,-4
2872,-4
2873,-4
2874,-5
2875,-5
2876,-6
2877,-3
2878,0
2879,-1
2880,-3
2881,-4
2882,-6
2883,-5
2884,-2
2885,2
2886,3
2887,3
2888,1
2889,-1
2890,-2
2891,0
2892,-2
2893,-5
2894,-3
2895,-12
2896,-20
2897,-28
2898,-37
2899,-46
2900,-41
2901,-42
2902,-42
2903,-41
2904,-40
2905,-39
2906,-42
2907,-44
2908,-47
2909,-52
2910,-54
2911,-54
2912,-52
2913,-51
2914,-50
2915,-49
2916,-48
2917,-47
2918,-47
2919,-46
2920,-49
2921,-54
2922,-55
2923,-58
2924,-62
2925,-53
2926,-43
2927,-34
2928,-25
2929,-17
2930,-20
2931,-19
2932,-20
2933,-22
2934,-21
2935,-23
2936,-22
2937,-21
2938,-18
2939,-14
2940,-11
2941,-10
2942,-10
2943,-11
2944,-11
2945,-11
2946,-11
2947,-11
2948,-10
2949,-9
2950,-4
2951,0
2952,2
2953,8
2954,11
2955,12
2956,12
2957,12
2958,13
2959,14
2960,12
2961,12
2962,13
2963,14
2964,14
2965,14
2966,17
2967,17
2968,16
2969,16
2970,17
2971,18
2972,19
2973,19
2974,19
2975,18
2976,18
2977,20
2978,16
2979,13
2980,12
2981,13
2982,14
2983,15
2984,16
2985,15
2986,8
2987,5
2988,2
2989,1
2990,3
2991,2
2992,1
2993,-1
2994,-2
2995,-3
2996,-4
2997,-6
2998,-6
2999,-7
3000,-9
3001,-9
3002,-12
3003,-12
3004,-11
3005,-9
3006,-8
3007,-11
3008,-8
3009,-6
3010,-6
3011,-7
3012,-8
3013,-8
3014,-9
3015,-6
3016,-5
3017,-2
3018,1
3019,2
3020,3
3021,4
3022,5
3023,6
3024,6
3025,5
3026,6
3027,8
3028,10
3029,12
3030,13
3031,14
3032,17
3033,17
3034,15
3035,14
3036,14
3037,16
3038,17
3039,18
3040,19
3041,19
3042,19
3043,18
3044,17
3045,16
3046,22
3047,22
3048,21
3049,24
3050,23
3051,20
3052,20
3053,20
3054,21
3055,22
3056,22
3057,22
3058,21
3059,20
3060,21
3061,20
3062,16
3063,15
3064,13
3065,12
3066,12
3067,10
3068,7
3069,6
3070,4
3071,3
3072,2
3073,2
3074,1
3075,0
3076,-3
3077,-3
3078,-6
3079,-10
3080,-9
3081,-6
3082,-5
3083,-4
3084,-3
3085,-4
3086,-3
3087,-3
3088,-1
3089,-4
3090,-6
3091,-6
3092,-2
3093,0
3094,2
3095,3
3096,4
3097,5
3098,7
3099,2
3100,-4
3101,-11
3102,-17
3103,-24
3104,-23
3105,-25
3106,-22
3107,-22
3108,-19
3109,-18
3110,-19
3111,-18
3112,-18
3113,-17
3114,-17
3115,-17
3116,-20
3117,-22
3118,-24
3119,-22
3120,-21
3121,-21
3122,-22
3123,-22
3124,-31
3125,-41
3126,-46
3127,-46
3128,-48
3129,-46
3130,-42
3131,-36
3132,-31
3133,-23
3134,-22
3135,-19
3136,-20
3137,-20
3138,-21
3139,-20
3140,-20
3141,-20
3142,-21
3143,-23
3144,-24
3145,-24
3146,-23
3147,-23
3148,-22
3149,-26
3150,-24
3151,-23
3152,-22
3153,-22
3154,-13
3155,-3
3156,2
3157,3
3158,6
3159,10
3160,13
3161,14
3162,16
3163,15
3164,15
3165,15
3166,15
3167,16
3168,17
3169,17
3170,18
3171,18
3172,18
3173,19
3174,20
3175,21
3176,22
3177,24
3178,25
3179,29
3180,28
3181,29
3182,28
3183,28
3184,28
3185,29
3186,28
3187,28
3188,28
3189,30
3190,28
3191,28
3192,28
3193,28
3194,28
3195,28
3196,28
3197,27
3198,27
3199,26
3200,26
3201,26
3202,26
3203,26
3204,26
3205,26
3206,26
3207,25
3208,25
3209,25
3210,25
3211,24
3212,24
3213,26
3214,26
3215,26
3216,26
3217,27
3218,26
3219,24
3220,27
3221,27
3222,27
3223,21
3224,15
3225,12
3226,12
3227,8
3228,8
3229,7
3230,6
3231,6
3232,6
3233,6
3234,7
3235,7
3236,7
3237,7
3238,7
3239,6
3240,5
3241,5
3242,5
3243,4
3244,4
3245,3
3246,4
3247,4
3248,4
3249,4
3250,4
3251,5
3252,4
3253,12
3254,17
3255,20
3256,21
3257,25
3258,25
3259,26
3260,26
3261,25
3262,24
3263,24
3264,24
3265,24
3266,24
3267,24
3268,25
3269,25
3270,26
3271,26
3272,26
3273,26
3274,26
3275,26
3276,25
3277,25
3278,24
3279,24
3280,24
3281,25
3282,25
3283,25
3284,26
3285,26
3286,25
3287,25
3288,25
3289,25
3290,26
3291,27
3292,27
3293,27
3294,27
3295,26
3296,26
3297,26
3298,26
3299,26
3300,27
3301,27
3302,26
3303,26
3304,26
3305,26
3306,25
3307,25
3308,26
3309,26
3310,14
3311,3
3312,-8
3313,-19
3314,-31
3315,-35
3316,-41
3317,-44
3318,-50
3319,-53
3320,-55
3321,-57
3322,-58
3323,-59
3324,-60
3325,-62
3326,-64
3327,-65
3328,-67
3329,-67
3330,-65
3331,-64
3332,-60
3333,-61
3334,-69
3335,-72
3336,-71
3337,-70
3338,-71
3339,-70
3340,-59
3341,-48
3342,-37
3343,-25
3344,-14
3345,-10
3346,-3
3347,1
3348,6
3349,10
3350,12
3351,14
3352,16
3353,17
3354,17
3355,18
3356,20
3357,21
3358,22
3359,20
3360,18
3361,18
3362,15
3363,17
3364,26
3365,30
3366,29
3367,28
3368,24
3369,24
3370,25
3371,25
3372,24
3373,24
3374,24
3375,23
3376,22
3377,21
3378,21
3379,20
3380,20
3381,20
3382,20
3383,19
3384,20
3385,21
3386,21
3387,22
3388,22
3389,24
3390,24
3391,23
3392,23
3393,22
3394,21
3395,20
3396,20
3397,21
3398,25
3399,24
3400,24
3401,22
3402,22
3403,22
3404,22
3405,22
3406,21
3407,19
3408,20
3409,25
3410,21
3411,15
3412,16
3413,17
3414,18
3415,15
3416,15
3417,15
3418,15
3419,15
3420,15
3421,16
3422,16
3423,15
3424,17
3425,18
3426,19
3427,20
3428,20
3429,14
3430,14
3431,17
3432,17
3433,14
3434,14
3435,10
3436,5
3437,2
3438,4
3439,-5
3440,-4
3441,1
3442,-2
3443,-7
3444,-13
3445,-14
3446,-16
3447,-18
3448,-24
3449,-26
3450,-28
3451,-31
3452,-30
3453,-31
3454,-29
3455,-30
3456,-40
3457,-46
3458,-46
3459,-40
3460,-40
3461,-42
3462,-40
3463,-36
3464,-38
3465,-37
3466,-32
3467,-28
3468,-32
3469,-30
3470,-31
3471,-33
3472,-31
3473,-28
3474,-23
3475,-21
3476,-18
3477,-16
3478,-11
3479,-10
3480,-8
3481,-6
3482,-7
3483,-7
3484,-10
3485,-9
3486,-1
3487,3
3488,2
3489,2
3490,1
3491,1
3492,-1
3493,-2
3494,1
3495,3
3496,5
3497,8
3498,8
3499,7
3500,12
3501,16
3502,14
3503,17
3504,17
3505,17
3506,17
3507,17
3508,16
3509,17
3510,17
3511,17
3512,18
3513,19
3514,19
3515,19
3516,21
3517,22
3518,23
3519,24
3520,25
3521,26
3522,26
3523,26
3524,26
3525,27
3526,24
3527,20
3528,21
3529,27
3530,28
3531,28
3532,29
3533,30
3534,31
3535,32
3536,30
3537,27
3538,24
3539,23
3540,21
3541,19
3542,18
3543,16
3544,16
3545,17
3546,20
3547,18
3548,16
3549,16
3550,14
3551,13
3552,14
3553,15
3554,15
3555,16
3556,18
3557,20
3558,20
3559,19
3560,17
3561,16
3562,16
3563,15
3564,14
3565,14
3566,16
3567,18
3568,21
3569,23
3570,26
3571,28
3572,30
3573,31
3574,32
3575,31
3576,27
3577,28
3578,31
3579,30
3580,30
3581,32
3582,31
3583,31
3584,30
3585,30
3586,30
3587,27
3588,26
3589,26
3590,26
3591,27
3592,25
3593,24
3594,25
3595,25
3596,26
3597,27
3598,27
3599,27
3600,27
3601,26
3602,26
3603,26
3604,25
3605,25
3606,26
3607,25
3608,24
3609,25
3610,25
3611,26
3612,25
3613,24
3614,25
3615,24
3616,25
3617,29
3618,29
3619,28
3620,27
3621,27
3622,27
3623,27
3624,27
3625,27
3626,26
3627,25
3628,26
3629,25
3630,24
3631,24
3632,24
3633,23
3634,23
3635,23
3636,24
3637,24
3638,24
3639,25
3640,25
3641,24
3642,25
3643,26
3644,26
3645,25
3646,25
3647,25
3648,26
3649,26
3650,26
3651,26
3652,27
3653,27
3654,25
3655,25
3656,25
3657,25
3658,25
3659,26
3660,26
3661,26
3662,26
3663,27
3664,27
3665,27
3666,27
3667,27
3668,27
3669,26
3670,26
3671,26
3672,26
3673,26
3674,26
3675,25
3676,22
3677,20
3678,20
3679,21
3680,22
3681,22
3682,21
3683,22
3684,22
3685,22
3686,19
3687,18
3688,19
3689,17
3690,18
3691,18
3692,19
3693,19
3694,18
3695,18
3696,18
3697,18
3698,17
3699,17
3700,17
3701,16
3702,16
3703,16
3704,16
3705,16
3706,19
3707,21
3708,20
3709,19
3710,18
3711,18
3712,17
3713,17
3714,17
3715,17
3716,21
3717,21
3718,20
3719,21
3720,20
3721,20
3722,19
3723,19
3724,20
3725,18
3726,18
3727,18
3728,19
3729,18
3730,18
3731,18
3732,16
3733,13
3734,13
3735,14
3736,13
3737,13
3738,12
3739,12
3740,13
3741,13
3742,16
3743,13
3744,10
3745,11
3746,11
3747,12
3748,12
3749,12
3750,13
3751,14
3752,14
3753,15
3754,15
3755,18
3756,19
3757,19
3758,20
3759,20
3760,21
3761,20
3762,21
3763,24
3764,26
3765,24
3766,23
3767,24
3768,22
3769,21
3770,21
3771,21
3772,21
3773,22
3774,19
3775,16
3776,15
3777,16
3778,15
3779,14
3780,14
3781,13
3782,13
3783,13
3784,12
3785,11
3786,10
3787,9
3788,9
3789,9
3790,10
3791,9
3792,9
3793,10
3794,9
3795,11
3796,13
3797,12
3798,15
3799,16
3800,18
3801,18
3802,17
3803,18
3804,24
3805,28
3806,28
3807,26
3808,29
3809,30
3810,30
3811,30
3812,30
3813,30
3814,30
3815,31
3816,32
3817,32
3818,32
3819,32
3820,30
3821,31
3822,33
3823,31
3824,32
3825,32
3826,32
3827,32
3828,32
3829,31
3830,30
3831,30
3832,30
3833,29
3834,29
3835,28
3836,29
3837,28
3838,26
3839,24
3840,24
3841,23
3842,21
3843,18
3844,10
3845,9
3846,10
3847,10
3848,9
3849,8
3850,4
3851,3
3852,-2
3853,-6
3854,-10
3855,-10
3856,-12
3857,-13
3858,-17
3859,-18
3860,-20
3861,-24
3862,-26
3863,-24
3864,-24
3865,-28
3866,-30
3867,-28
3868,-29
3869,-29
3870,-29
3871,-29
3872,-29
3873,-31
3874,-33
3875,-40
3876,-42
3877,-40
3878,-37
3879,-37
3880,-35
3881,-34
3882,-29
3883,-25
3884,-22
3885,-22
3886,-21
3887,-21
3888,-17
3889,-16
3890,-14
3891,-11
3892,-9
3893,-10
3894,-9
3895,-6
3896,-5
3897,-6
3898,-3
3899,-2
3900,-1
3901,0
3902,0
3903,6
3904,17
3905,28
3906,30
3907,29
3908,27
3909,30
3910,31
3911,27
3912,26
3913,22
3914,20
3915,19
3916,14
3917,8
3918,10
3919,13
3920,16
3921,19
3922,14
3923,10
3924,9
3925,8
3926,-3
3927,-13
3928,-19
3929,-30
3930,-31
3931,-31
3932,-31
3933,-31
3934,-32
3935,-35
3936,-37
3937,-37
3938,-37
3939,-39
3940,-36
3941,-34
3942,-31
3943,-26
3944,-23
3945,-22
3946,-16
3947,-9
3948,-10
3949,-12
3950,-15
3951,-17
3952,-12
3953,-9
3954,-8
3955,-6
3956,5
3957,17
3958,23
3959,34
3960,35
3961,35
3962,35
3963,36
3964,36
3965,37
3966,37
3967,37
3968,36
3969,37
3970,36
3971,35
3972,35
3973,33
3974,33
3975,33
3976,32
3977,32
3978,32
3979,31
3980,30
3981,30
3982,30
3983,31
3984,31
3985,30
3986,28
3987,28
3988,28
3989,29
3990,30
3991,28
3992,25
3993,24
3994,24
3995,24
3996,23
3997,22
3998,22
3999,21
4000,21
4001,20
4002,20
4003,20
4004,20
4005,19
4006,18
4007,17
4008,17
4009,17
4010,17
4011,16
4012,16
4013,17
4014,18
4015,18
4016,18
4017,18
4018,17
4019,17
4020,17
4021,19
4022,22
4023,20
4024,20
4025,20
4026,18
4027,18
4028,21
4029,20
4030,19
4031,19
4032,19
4033,20
4034,20
4035,20
4036,20
4037,20
4038,22
4039,23
4040,22
4041,22
4042,21
4043,20
4044,19
4045,18
4046,19
4047,19
4048,19
4049,19
4050,18
4051,18
4052,18
4053,20
4054,19
4055,19
4056,24
4057,23
4058,20
4059,22
4060,24
4061,25
4062,25
4063,24
4064,25
4065,25
4066,26
4067,28
4068,28
4069,28
4070,28
4071,29
4072,30
4073,30
4074,30
4075,31
4076,31
4077,32
4078,31
4079,31
4080,31
4081,31
4082,32
4083,32
4084,34
4085,34
4086,31
4087,32
4088,33
4089,33
4090,32
4091,31
4092,31
4093,32
4094,31
4095,32
4096,32
4097,31
4098,30
4099,30
4100,30
4101,29
4102,29
4103,29
4104,29
4105,29
4106,29
4107,29
4108,29
4109,29
4110,29
4111,29
4112,28
4113,27
4114,26
4115,25
4116,25
4117,25
4118,25
4119,25
4120,26
4121,26
4122,26
4123,26
4124,26
4125,26
4126,25
4127,25
4128,25
4129,25
4130,25
4131,25
4132,25
4133,25
4134,24
4135,24
4136,23
4137,23
4138,23
4139,24
4140,24
4141,23
4142,23
4143,24
4144,24
4145,23
4146,24
4147,24
4148,24
4149,24
4150,24
4151,24
4152,24
4153,24
4154,24
4155,23
4156,24
4157,24
4158,23
4159,23
4160,22
4161,22
4162,21
4163,21
4164,21
4165,22
4166,22
4167,22
4168,22
4169,22
4170,21
4171,22
4172,21
4173,21
4174,22
4175,23
4176,23
4177,22
4178,18
4179,18
4180,18
4181,19
4182,19
4183,19
4184,19
4185,19
4186,18
4187,19
4188,20
4189,21
4190,21
4191,22
4192,23
4193,22
4194,22
4195,23
4196,23
4197,21
4198,20
4199,20
4200,20
4201,21
4202,21
4203,22
4204,22
4205,18
4206,19
4207,20
4208,23
4209,22
4210,22
4211,22
4212,21
4213,20
4214,21
4215,22
4216,23
4217,19
4218,15
4219,15
4220,14
4221,6
4222,3
4223,1
4224,2
4225,1
4226,2
4227,3
4228,0
4229,0
4230,1
4231,2
4232,2
4233,2
4234,2
4235,4
4236,4
4237,4
4238,4
4239,4
4240,4
4241,4
4242,3
4243,3
4244,3
4245,2
4246,2
4247,5
4248,8
4249,8
4250,8
4251,16
4252,21
4253,20
4254,17
4255,17
4256,16
4257,18
4258,20
4259,22
4260,23
4261,24
4262,22
4263,19
4264,20
4265,20
4266,19
4267,20
4268,20
4269,20
4270,19
4271,19
4272,19
4273,17
4274,15
4275,16
4276,17
4277,18
4278,24
4279,26
4280,25
4281,23
4282,18
4283,22
4284,20
4285,18
4286,18
4287,18
4288,17
4289,15
4290,13
4291,10
4292,10
4293,11
4294,10
4295,9
4296,9
4297,8
4298,-4
4299,-9
4300,-9
4301,-9
4302,-9
4303,-11
4304,-15
4305,-21
4306,-25
4307,-32
4308,-40
4309,-43
4310,-41
4311,-39
4312,-36
4313,-35
4314,-30
4315,-29
4316,-30
4317,-31
4318,-29
4319,-28
4320,-27
4321,-26
4322,-26
4323,-24
4324,-25
4325,-26
4326,-24
4327,-23
4328,-11
4329,-5
4330,-5
4331,-4
4332,-4
4333,0
4334,6
4335,12
4336,8
4337,8
4338,4
4339,-3
4340,-8
4341,-7
4342,-8
4343,-11
4344,-13
4345,-12
4346,-12
4347,-11
4348,-10
4349,-11
4350,-11
4351,-13
4352,-18
4353,-20
4354,-21
4355,-21
4356,-21
4357,-21
4358,-21
4359,-21
4360,-19
4361,-21
4362,-22
4363,-25
4364,-26
4365,-28
4366,-25
4367,-20
4368,-14
4369,-12
4370,-5
4371,-6
4372,-7
4373,-5
4374,-4
4375,-2
4376,-8
4377,-10
4378,-10
4379,-9
4380,-9
4381,-8
4382,-2
4383,-1
4384,0
4385,0
4386,1
4387,1
4388,-2
4389,-3
4390,-3
4391,-1
4392,-1
4393,2
4394,3
4395,5
4396,9
4397,9
4398,10
4399,14
4400,13
4401,13
4402,14
4403,15
4404,16
4405,14
4406,21
4407,22
4408,21
4409,20
4410,21
4411,22
4412,22
4413,23
4414,24
4415,26
4416,25
4417,26
4418,28
4419,29
4420,29
4421,29
4422,30
4423,31
4424,31
4425,30
4426,30
4427,30
4428,30
4429,30
4430,31
4431,31
4432,31
4433,31
4434,31
4435,31
4436,31
4437,29
4438,30
4439,31
4440,29
4441,29
4442,28
4443,27
4444,26
4445,26
4446,26
4447,25
4448,25
4449,28
4450,28
4451,27
4452,27
4453,26
4454,26
4455,26
4456,26
4457,26
4458,26
4459,26
4460,25
4461,26
4462,26
4463,26
4464,25
4465,24
4466,24
4467,24
4468,24
4469,24
4470,26
4471,27
4472,28
4473,28
4474,29
4475,28
4476,29
4477,29
4478,29
4479,28
4480,28
4481,28
4482,28
4483,29
4484,29
4485,30
4486,30
4487,29
4488,29
4489,31
4490,31
4491,31
4492,30
4493,29
4494,29
4495,30
4496,31
4497,32
4498,33
4499,32
4500,31
4501,31
4502,31
4503,31
4504,31
4505,31
4506,30
4507,31
4508,32
4509,32
4510,32
4511,32
4512,32
4513,33
4514,31
4515,32
4516,32
4517,32
4518,33
4519,32
4520,31
4521,31
4522,30
4523,31
4524,31
4525,31
4526,30
4527,30
4528,30
4529,30
4530,29
4531,30
4532,30
4533,30
4534,29
4535,29
4536,28
4537,27
4538,25
4539,25
4540,24
4541,24
4542,26
4543,25
4544,27
4545,25
4546,25
4547,25
4548,25
4549,22
4550,18
4551,17
4552,17
4553,18
4554,18
4555,18
4556,18
4557,17
4558,18
4559,19
4560,19
4561,17
4562,17
4563,17
4564,18
4565,9
4566,1
4567,-7
4568,-7
4569,-7
4570,-6
4571,-6
4572,-8
4573,-8
4574,-8
4575,-7
4576,-8
4577,-8
4578,-9
4579,-6
4580,-1
4581,0
4582,0
4583,1
4584,-2
4585,-2
4586,-5
4587,-7
4588,-9
4589,-6
4590,-9
4591,-12
4592,-12
4593,-12
4594,-11
4595,-1
4596,8
4597,17
4598,16
4599,17
4600,16
4601,16
4602,16
4603,16
4604,16
4605,15
4606,17
4607,16
4608,17
4609,14
4610,13
4611,13
4612,12
4613,12
4614,15
4615,15
4616,18
4617,21
4618,22
4619,19
4620,21
4621,24
4622,24
4623,23
4624,22
4625,21
4626,21
4627,21
4628,20
4629,20
4630,20
4631,21
4632,21
4633,20
4634,19
4635,19
4636,19
4637,20
4638,18
4639,22
4640,23
4641,21
4642,22
4643,22
4644,22
4645,22
4646,21
4647,20
4648,21
4649,20
4650,21
4651,21
4652,21
4653,22
4654,22
4655,23
4656,22
4657,22
4658,22
4659,22
4660,21
4661,22
4662,19
4663,15
4664,15
4665,16
4666,16
4667,16
4668,16
4669,15
4670,16
4671,16
4672,16
4673,16
4674,15
4675,14
4676,14
4677,13
4678,13
4679,13
4680,12
4681,12
4682,11
4683,12
4684,12
4685,12
4686,12
4687,12
4688,12
4689,11
4690,12
4691,11
4692,8
4693,9
4694,5
4695,4
4696,-1
4697,0
4698,0
4699,0
4700,-1
4701,-2
4702,-2
4703,-2
4704,1
4705,-2
4706,-1
4707,-1
4708,-1
4709,0
4710,0
4711,1
4712,2
4713,1
4714,0
4715,1
4716,2
4717,2
4718,3
4719,3
4720,4
4721,1
4722,6
4723,10
4724,15
4725,16
4726,21
4727,20
4728,20
4729,22
4730,22
4731,23
4732,23
4733,24
4734,21
4735,25
4736,25
4737,25
4738,25
4739,25
4740,24
4741,20
4742,20
4743,20
4744,20
4745,19
4746,19
4747,19
4748,19
4749,20
4750,20
4751,22
4752,22
4753,22
4754,21
4755,20
4756,20
4757,20
4758,20
4759,19
4760,19
4761,18
4762,18
4763,17
4764,17
4765,17
4766,17
4767,17
4768,19
4769,19
4770,19
4771,23
4772,23
4773,22
4774,23
4775,23
4776,23
4777,23
4778,24
4779,23
4780,22
4781,22
4782,22
4783,21
4784,21
4785,21
4786,22
4787,22
4788,20
4789,20
4790,21
4791,20
4792,21
4793,22
4794,22
4795,21
4796,23
4797,18
4798,18
4799,20
4800,21
4801,23
4802,23
4803,24
4804,24
4805,23
4806,23
4807,23
4808,20
4809,20
4810,20
4811,20
4812,18
4813,19
4814,19
4815,12
4816,4
4817,6
4818,7
4819,4
4820,4
4821,5
4822,5
4823,5
4824,5
4825,6
4826,6
4827,10
4828,9
4829,7
4830,6
4831,5
4832,6
4833,5
4834,4
4835,5
4836,5
4837,5
4838,8
4839,11
4840,9
4841,9
4842,4
4843,0
4844,0
4845,3
4846,6
4847,0
4848,-4
4849,-10
4850,-17
4851,-20
4852,-19
4853,-22
4854,-26
4855,-27
4856,-28
4857,-26
4858,-25
4859,-29
4860,-28
4861,-32
4862,-34
4863,-33
4864,-33
4865,-31
4866,-29
4867,-29
4868,-30
4869,-33
4870,-31
4871,-30
4872,-22
4873,-18
4874,-18
4875,-15
4876,-9
4877,-5
4878,-2
4879,8
4880,15
4881,17
4882,16
4883,19
4884,23
4885,23
4886,23
4887,22
4888,22
4889,27
4890,26
4891,30
4892,33
4893,31
4894,31
4895,29
4896,27
4897,25
4898,25
4899,26
4900,26
4901,25
4902,25
4903,24
4904,25
4905,24
4906,23
4907,23
4908,24
4909,24
4910,24
4911,24
4912,23
4913,23
4914,23
4915,23
4916,22
4917,21
4918,21
4919,19
4920,19
4921,18
4922,18
4923,18
4924,18
4925,18
4926,19
4927,20
4928,20
4929,20
4930,18
4931,17
4932,18
4933,18
4934,19
4935,20
4936,20
4937,20
4938,20
4939,20
4940,20
4941,20
4942,21
4943,21
4944,21
4945,21
4946,20
4947,21
4948,22
4949,21
4950,21
4951,21
4952,21
4953,19
4954,19
4955,11
4956,2
4957,-5
4958,-14
4959,-22
4960,-20
4961,-22
4962,-23
4963,-23
4964,-24
4965,-25
4966,-25
4967,-25
4968,-25
4969,-26
4970,-26
4971,-27
4972,-28
4973,-28
4974,-28
4975,-28
4976,-28
4977,-28
4978,-28
4979,-28
4980,-27
4981,-27
4982,-28
4983,-27
4984,-29
4985,-21
4986,-13
4987,-5
4988,4
4989,12
4990,13
4991,15
4992,15
4993,15
4994,16
4995,16
4996,16
4997,18
4998,17
4999,18
5000,17
5001,17
5002,17
5003,17
5004,17
5005,17
5006,18
5007,18
5008,18
5009,18
5010,18
5011,19
5012,20
5013,19
5014,20
5015,21
5016,21
5017,24
5018,23
5019,17
5020,16
5021,17
5022,17
5023,17
5024,16
5025,17
5026,17
5027,16
5028,17
5029,18
5030,19
5031,20
5032,19
5033,19
5034,19
5035,19
5036,18
5037,19
5038,19
5039,19
5040,18
5041,18
5042,18
5043,18
5044,20
5045,16
5046,14
5047,11
5048,12
5049,18
5050,19
5051,19
5052,19
5053,20
5054,21
5055,20
5056,18
5057,19
5058,18
5059,17
5060,16
5061,16
5062,17
5063,18
5064,18
5065,10
5066,3
5067,-5
5068,-13
5069,-20
5070,-28
5071,-28
5072,-28
5073,-27
5074,-28
5075,-25
5076,-23
5077,-23
5078,-22
5079,-23
5080,-23
5081,-24
5082,-23
5083,-24
5084,-23
5085,-23
5086,-22
5087,-23
5088,-23
5089,-24
5090,-23
5091,-23
5092,-24
5093,-24
5094,-25
5095,-16
5096,-8
5097,-1
5098,6
5099,13
5100,22
5101,22
5102,22
5103,21
5104,21
5105,22
5106,21
5107,21
5108,21
5109,21
5110,22
5111,22
5112,21
5113,21
5114,20
5115,21
5116,20
5117,21
5118,21
5119,21
5120,21
5121,21
5122,21
5123,21
5124,21
5125,20
5126,19
5127,20
5128,19
5129,19
5130,18
5131,18
5132,18
5133,18
5134,18
5135,18
5136,18
5137,18
5138,16
5139,16
5140,15
5141,16
5142,17
5143,17
5144,16
5145,16
5146,16
5147,16
5148,15
5149,16
5150,16
5151,15
5152,16
5153,16
5154,16
5155,17
5156,17
5157,17
5158,17
5159,17
5160,18
5161,18
5162,18
5163,18
5164,18
5165,19
5166,19
5167,11
5168,5
5169,-3
5170,-11
5171,-12
5172,-15
5173,-15
5174,-15
5175,-15
5176,-15
5177,-14
5178,-14
5179,-15
5180,-15
5181,-15
5182,-16
5183,-17
5184,-17
5185,-17
5186,-17
5187,-18
5188,-19
5189,-18
5190,-18
5191,-18
5192,-18
5193,-19
5194,-19
5195,-19
5196,-20
5197,-12
5198,-5
5199,3
5200,10
5201,10
5202,13
5203,13
5204,13
5205,13
5206,12
5207,13
5208,13
5209,13
5210,12
5211,13
5212,14
5213,14
5214,14
5215,15
5216,15
5217,17
5218,14
5219,14
5220,14
5221,15
5222,15
5223,16
5224,16
5225,16
5226,17
5227,18
5228,19
5229,18
5230,18
5231,19
5232,20
5233,19
5234,20
5235,18
5236,12
5237,2
5238,-3
5239,-4
5240,-4
5241,0
5242,0
5243,-3
5244,-1
5245,0
5246,1
5247,-2
5248,0
5249,1
5250,0
5251,-1
5252,-2
5253,-2
5254,-3
5255,-4
5256,-9
5257,-13
5258,-15
5259,-15
5260,-16
5261,-17
5262,-21
5263,-24
5264,-28
5265,-26
5266,-21
5267,-13
5268,-8
5269,-8
5270,-10
5271,-14
5272,-15
5273,-9
5274,-4
5275,-8
5276,-8
5277,-7
5278,-7
5279,-7
5280,-8
5281,-8
5282,-9
5283,-11
5284,-16
5285,-15
5286,-10
5287,-7
5288,-7
5289,-7
5290,-7
5291,-7
5292,-5
5293,-4
5294,-1
5295,0
5296,1
5297,1
5298,-2
5299,-3
5300,-2
5301,-2
5302,-2
5303,-5
5304,-13
5305,-15
5306,-19
5307,-18
5308,-21
5309,-21
5310,-20
5311,-19
5312,-21
5313,-26
5314,-19
5315,-24
5316,-26
5317,-30
5318,-32
5319,-31
5320,-31
5321,-31
5322,-31
5323,-30
5324,-35
5325,-36
5326,-43
5327,-48
5328,-47
5329,-47
5330,-51
5331,-50
5332,-50
5333,-48
5334,-51
5335,-50
5336,-48
5337,-49
5338,-51
5339,-53
5340,-54
5341,-57
5342,-55
5343,-49
5344,-52
5345,-47
5346,-46
5347,-43
5348,-42
5349,-42
5350,-42
5351,-42
5352,-42
5353,-42
5354,-37
5355,-36
5356,-30
5357,-25
5358,-22
5359,-21
5360,-17
5361,-25
5362,-29
5363,-33
5364,-31
5365,-29
5366,-27
5367,-28
5368,-23
5369,-22
5370,-22
5371,-20
5372,-20
5373,-20
5374,-18
5375,-18
5376,-14
5377,-12
5378,-14
5379,-16
5380,-13
5381,-12
5382,-12
5383,-10
5384,-7
5385,-3
5386,-2
5387,0
5388,1
5389,2
5390,2
5391,10
5392,15
5393,18
5394,19
5395,19
5396,18
5397,19
5398,21
5399,21
5400,22
5401,23
5402,25
5403,26
5404,26
5405,26
5406,23
5407,22
5408,26
5409,28
5410,26
5411,25
5412,26
5413,25
5414,25
5415,21
5416,21
5417,21
5418,20
5419,20
5420,20
5421,21
5422,21
5423,21
5424,20
5425,21
5426,23
5427,23
5428,23
5429,24
5430,24
5431,25
5432,24
5433,24
5434,25
5435,26
5436,26
5437,26
5438,26
5439,25
5440,26
5441,26
5442,25
5443,24
5444,22
5445,20
5446,20
5447,20
5448,21
5449,21
5450,22
5451,21
5452,16
5453,12
5454,11
5455,10
5456,6
5457,-2
5458,-1
5459,-4
5460,-8
5461,-10
5462,-9
5463,-9
5464,-10
5465,-9
5466,-10
5467,-10
5468,-10
5469,-10
5470,-11
5471,-11
5472,-10
5473,-10
5474,-9
5475,-10
5476,-10
5477,-15
5478,-18
5479,-20
5480,-25
5481,-25
5482,-22
5483,-19
5484,-17
5485,-16
5486,-11
5487,-3
5488,-4
5489,-1
5490,2
5491,4
5492,3
5493,3
5494,3
5495,3
5496,3
5497,4
5498,4
5499,4
5500,6
5501,4
5502,-2
5503,-1
5504,0
5505,-3
5506,-4
5507,2
5508,1
5509,-1
5510,-1
5511,0
5512,4
5513,-5
5514,-14
5515,-15
5516,-15
5517,-21
5518,-23
5519,-26
5520,-26
5521,-27
5522,-28
5523,-34
5524,-36
5525,-35
5526,-36
5527,-37
5528,-36
5529,-35
5530,-36
5531,-33
5532,-30
5533,-31
5534,-35
5535,-33
5536,-36
5537,-38
5538,-33
5539,-30
5540,-26
5541,-27
5542,-29
5543,-21
5544,-11
5545,-11
5546,-12
5547,-7
5548,-8
5549,-9
5550,-9
5551,-9
5552,-8
5553,-5
5554,-7
5555,-11
5556,-9
5557,-8
5558,-11
5559,-12
5560,-11
5561,-12
5562,-9
5563,-8
5564,-6
5565,-3
5566,2
5567,3
5568,4
5569,1
5570,1
5571,1
5572,1
5573,1
5574,0
5575,-1
5576,-1
5577,-2
5578,1
5579,3
5580,-4
5581,-9
5582,-8
5583,-6
5584,-4
5585,-4
5586,-16
5587,-26
5588,-32
5589,-39
5590,-36
5591,-39
5592,-40
5593,-40
5594,-41
5595,-42
5596,-44
5597,-45
5598,-47
5599,-46
5600,-46
5601,-46
5602,-46
5603,-47
5604,-49
5605,-48
5606,-47
5607,-45
5608,-51
5609,-52
5610,-45
5611,-42
5612,-45
5613,-44
5614,-44
5615,-40
5616,-32
5617,-26
5618,-21
5619,-14
5620,-21
5621,-21
5622,-21
5623,-22
5624,-22
5625,-24
5626,-23
5627,-23
5628,-23
5629,-23
5630,-24
5631,-25
5632,-25
5633,-24
5634,-24
5635,-28
5636,-28
5637,-31
5638,-26
5639,-24
5640,-24
5641,-22
5642,-27
5643,-24
5644,-25
5645,-24
5646,-21
5647,-16
5648,-16
5649,-18
5650,-16
5651,-14
5652,-14
5653,-14
5654,-13
5655,-11
5656,-13
5657,-16
5658,-19
5659,-20
5660,-21
5661,-23
5662,-26
5663,-28
5664,-25
5665,-21
5666,-19
5667,-17
5668,-14
5669,-11
5670,-13
5671,-16
5672,-13
5673,-19
5674,-18
5675,-17
5676,-14
5677,-11
5678,-5
5679,-2
5680,0
5681,1
5682,2
5683,-3
5684,-7
5685,-11
5686,-10
5687,-4
5688,-1
5689,2
5690,6
5691,9
5692,12
5693,16
5694,19
5695,18
5696,17
5697,15
5698,14
5699,12
5700,14
5701,19
5702,24
5703,29
5704,28
5705,23
5706,18
5707,9
5708,3
5709,2
5710,1
5711,1
5712,2
5713,8
5714,13
5715,17
5716,19
5717,16
5718,17
5719,17
5720,18
5721,19
5722,20
5723,19
5724,15
5725,16
5726,17
5727,20
5728,24
5729,19
5730,18
5731,19
5732,18
5733,14
5734,14
5735,17
5736,19
5737,25
5738,28
5739,30
5740,26
5741,24
5742,22
5743,21
5744,16
5745,14
5746,10
5747,6
5748,7
5749,7
5750,6
5751,6
5752,5
5753,9
5754,9
5755,7
5756,5
5757,3
5758,-1
5759,4
5760,7
5761,5
5762,7
5763,7
5764,4
5765,6
5766,5
5767,2
5768,-4
5769,-7
5770,-2
5771,0
5772,1
5773,2
5774,8
5775,10
5776,15
5777,17
5778,13
5779,10
5780,8
5781,7
5782,10
5783,8
5784,10
5785,11
5786,11
5787,11
5788,11
5789,12
5790,11
5791,9
5792,9
5793,6
5794,5
5795,2
5796,2
5797,4
5798,9
5799,8
5800,6
5801,5
5802,4
5803,2
5804,2
5805,6
5806,1
5807,1
5808,2
5809,3
5810,3
5811,4
5812,1
5813,-1
5814,-2
5815,-2
5816,-4
5817,-6
5818,-8
5819,-12
5820,-12
5821,-12
5822,-13
5823,-8
5824,-10
5825,-12
5826,-15
5827,-16
5828,-15
5829,-12
5830,-10
5831,-9
5832,-10
5833,-11
5834,-11
5835,-14
5836,-10
5837,-8
5838,-5
5839,-2
5840,0
5841,-1
5842,1
5843,0
5844,1
5845,-1
5846,3
5847,8
5848,12
5849,15
5850,15
5851,16
5852,18
5853,21
5854,23
5855,27
5856,30
5857,30
5858,26
5859,25
5860,24
5861,25
5862,25
5863,24
5864,16
5865,15
5866,15
5867,15
5868,15
5869,18
5870,20
5871,21
5872,19
5873,20
5874,23
5875,23
5876,21
5877,18
5878,16
5879,18
5880,20
5881,16
5882,15
5883,14
5884,18
5885,15
5886,13
5887,14
5888,16
5889,15
5890,8
5891,5
5892,4
5893,6
5894,8
5895,7
5896,4
5897,7
5898,6
5899,0
5900,-2
5901,-3
5902,-1
5903,-4
5904,-8
5905,-7
5906,-9
5907,-10
5908,-12
5909,-12
5910,-16
5911,-13
5912,-22
5913,-31
5914,-36
5915,-36
5916,-34
5917,-34
5918,-34
5919,-32
5920,-26
5921,-24
5922,-22
5923,-24
5924,-22
5925,-21
5926,-19
5927,-22
5928,-22
5929,-29
5930,-33
5931,-37
5932,-37
5933,-36
5934,-36
5935,-36
5936,-34
5937,-34
5938,-35
5939,-36
5940,-35
5941,-34
5942,-27
5943,-20
5944,-16
5945,-14
5946,-14
5947,-14
5948,-14
5949,-17
5950,-19
5951,-18
5952,-16
5953,-14
5954,-18
5955,-19
5956,-20
5957,-21
5958,-22
5959,-16
5960,-13
5961,-10
5962,-17
5963,-17
5964,-17
5965,-25
5966,-32
5967,-36
5968,-36
5969,-36
5970,-35
5971,-34
5972,-34
5973,-33
5974,-36
5975,-36
5976,-36
5977,-36
5978,-36
5979,-34
5980,-33
5981,-34
5982,-35
5983,-35
5984,-33
5985,-33
5986,-34
5987,-33
5988,-33
5989,-32
5990,-32
5991,-32
5992,-25
5993,-32
5994,-36
5995,-29
5996,-28
5997,-26
5998,-24
5999,-24
6000,-25
6001,-26
6002,-26
6003,-27
6004,-24
6005,-24
6006,-26
6007,-27
6008,-29
6009,-30
6010,-31
6011,-31
6012,-31
6013,-32
6014,-37
6015,-42
6016,-47
6017,-52
6018,-53
6019,-54
6020,-54
6021,-54
6022,-54
6023,-47
6024,-43
6025,-41
6026,-36
6027,-34
6028,-36
6029,-36
6030,-36
6031,-36
6032,-36
6033,-36
6034,-36
6035,-35
6136,-34
6137,-32
6138,-30
6139,-29
6140,-28
6141,-31
6142,-35
6143,-38
6144,-34
6145,-30
6146,-26
6147,-23
6148,-27
6149,-31
6150,-35
6151,-38
6152,-41
6153,-43
6154,-43
6155,-43
6156,-43
6157,-43
6158,-43
6159,-43
6160,-43
6161,-43
6162,-43
6163,-43
6164,-43
6165,-43
6166,-43
6167,-43
6168,-43
6169,-43
6170,-43
6171,-40
6172,-36
6173,-32
6174,-28
6175,-25
6176,-23
6177,-22
6178,-17
6179,-13
6180,-9
6181,-5
6182,-2
6183,-1
6184,0
6185,0
6186,0
6187,0
6188,0
6189,0
6190,0
6191,0
6192,0
6193,0
6194,0
6195,0
6196,0
6197,0
6198,0
6199,0
6200,0
6201,0
6202,0
6203,0
6204,0
6205,0
6206,0
6207,0
6208,0
6209,0
6210,0
6211,0
6212,0
6213,0
6214,0
6215,0
6216,0
6217,0
6218,0
6219,0
6220,0
6221,0
6222,0
6223,0
6224,0
6225,0
6226,0
6227,0
6228,0
6229,0
6230,0
6231,0
6232,0
6233,0
6234,0
6235,0
6236,0
6237,0
6238,0
6239,0
6240,0
6241,0
6242,0
6243,0
6244,0
6245,0
6246,0
6247,0
6248,0
6249,0
6250,0
6251,0
6252,0
6253,0
6254,0
6255,0
6256,0
6257,0
6258,0
6259,0
6260,0
6261,0
6262,0
6263,0
6264,0
6265,0
6266,0
6267,0
6268,0
6269,0
6270,0
6271,0
6272,0
6273,0
6274,0
6275,0
6276,0
6277,0
6278,0
6279,0
6280,0
6281,0
6282,0
6283,0
6284,0
6285,0
6286,0
6287,0
6288,0
6289,0
6290,0
6291,0
6292,0
6293,0
6294,0
6295,0
6296,0
6297,0
6298,0
6299,0
6300,0
6301,0
6302,0
6303,0
6304,0
6305,0
6306,0
6307,0
6308,0
6309,0
6310,0
6311,0
6312,0
6313,0
6314,0
6315,0
6316,0
6317,0
6318,0
6319,0
6320,0
6321,0
6322,0
6323,0
6324,0
6325,0
6326,0
6327,0
6328,0
6329,0
6330,0
6331,0
6332,0
6333,0
6334,0
6335,0
6336,0
6337,0
6338,0
6339,0
6340,0
6341,0
6342,0
6343,0
6344,0
6345,0
6346,0
6347,0
6394,0
6395,0
6396,0
6397,0
6398,0
6399,0
6400,0
6401,0
6415,0
6416,0
6417,0
6418,0
6419,0
6420,0
6421,0
6422,0
6423,0
6424,-3
6425,-6
6426,-11
6427,-16
6428,-21
6429,-26
6430,-30
6431,-33
6432,-36
6433,-38
6434,-40
6435,-41
6436,-42
6437,-42
6438,-45
6439,-52
6440,-61
6441,-72
6442,-84
6443,-96
6444,-107
6445,-119
6446,-133
6447,-148
6448,-157
6449,-165
6450,-176
6451,-180
6452,-185
6453,-194
6454,-199
6455,-203
6456,-201
6457,-201
6458,-198
6459,-194
6460,-189
6461,-185
6462,-182
6463,-179
6464,-177
6465,-175
6466,-175
6467,-174
6468,-169
6469,-164
6470,-155
6471,-145
6472,-133
6473,-121
6474,-111
6475,-99
6476,-85
6477,-70
6478,-60
6479,-52
6480,-42
6481,-38
6482,-33
6483,-24
6484,-16
6485,-8
6486,-6
6487,-1
6488,1
6489,2
6490,1
6491,1
6492,1
6493,0
6494,-1
6495,-2
6496,-4
6497,-10
6498,-15
6499,-17
6500,-17
6501,-15
6502,-15
6503,-17
6504,-16
6505,-15
6506,-15
6507,-14
6508,-13
6509,-12
6510,-12
6511,-12
6512,-12
6513,-11
6514,-11
6515,-10
6516,-10
6517,-10
6518,-9
6519,-13
6520,-16
6521,-15
6522,-15
6523,-14
6524,-14
6525,-14
6526,-13
6527,-7
6528,-3
6529,-2
6530,-3
6531,-3
6532,-3
6533,-1
6534,0
6535,0
6536,0
6537,-1
6538,-1
6539,-1
6540,-1
6541,-1
6542,0
6543,1
6544,2
6545,2
6546,3
6547,3
6548,3
6549,8
6550,12
6551,13
6552,14
6553,14
6554,15
6555,16
6556,18
6557,19
6558,20
6559,23
6560,24
6561,25
6562,26
6563,26
6564,26
6565,27
6566,27
6567,28
6568,28
6569,29
6570,29
6571,29
6572,29
6573,29
6574,28
6575,28
6576,28
6577,28
6578,29
6579,28
6580,28
6581,27
6582,27
6583,26
6584,27
6585,26
6586,26
6587,26
6588,25
6589,24
6590,24
6591,24
6592,24
6593,25
6594,25
6595,24
6596,24
6597,25
6598,25
6599,25
6600,24
6601,24
6602,24
6603,24
6604,24
6605,23
6606,23
6607,24
6608,24
6609,24
6610,24
6611,24
6612,24
6613,25
6614,25
6615,25
6616,26
6617,26
6618,26
6619,26
6620,25
6621,18
6622,9
6623,1
6624,-7
6625,-14
6626,-22
6627,-30
6628,-30
6629,-31
6630,-29
6631,-29
6632,-30
6633,-30
6634,-29
6635,-29
6636,-28
6637,-29
6638,-31
6639,-34
6640,-35
6641,-36
6642,-35
6643,-38
6644,-38
6645,-38
6646,-38
6647,-39
6648,-38
6649,-37
6650,-35
6651,-28
6652,-20
6653,-12
6654,-4
6655,4
6656,12
6657,20
6658,20
6659,20
6660,19
6661,19
6662,20
6663,20
6664,20
6665,21
6666,21
6667,21
6668,22
6669,25
6670,27
6671,28
6672,28
6673,29
6674,29
6675,29
6676,29
6677,29
6678,29
6679,28
6680,28
6681,27
6682,27
6683,26
6684,26
6685,25
6686,26
6687,26
6688,26
6689,26
6690,26
6691,26
6692,26
6693,26
6694,26
6695,25
6696,25
6697,25
6698,25
6699,25
6700,25
6701,25
6702,25
6703,25
6704,25
6705,26
6706,25
6707,25
6708,25
6709,26
6710,26
6711,27
6712,27
6713,28
6714,28
6715,27
6716,27
6717,27
6718,26
6719,26
6720,26
6721,27
6722,28
6723,28
6724,28
6725,27
6726,27
6727,27
6728,27
6729,26
6730,26
6731,26
6732,26
6733,26
6734,26
6735,26
6736,26
6737,27
6738,27
6739,26
6740,27
6741,27
6742,24
6743,24
6744,25
6745,26
6746,24
6747,23
6748,23
6749,24
6750,24
6751,23
6752,23
6753,22
6754,23
6755,23
6756,23
6757,23
6758,23
6759,24
6760,24
6761,25
6762,25
6763,25
6764,26
6765,25
6766,25
6767,24
6768,24
6769,24
6770,24
6771,23
6772,26
6773,26
6774,25
6775,25
6776,27
6777,28
6778,28
6779,28
6780,28
6781,28
6782,29
6783,29
6784,28
6785,28
6786,28
6787,29
6788,28
6789,28
6790,27
6791,27
6792,27
6793,27
6794,27
6795,27
6796,27
6797,27
6798,27
6799,27
6800,27
6801,27
6802,27
6803,27
6804,26
6805,26
6806,23
6807,18
6808,16
6809,14
6810,13
6811,12
6812,10
6813,10
6814,10
6815,10
6816,8
6817,7
6818,7
6819,1
6820,-3
6821,-4
6822,-4
6823,-7
6824,-8
6825,-10
6826,-12
6827,-13
6828,-14
6829,-15
6830,-17
6831,-18
6832,-19
6833,-25
6834,-29
6835,-31
6836,-31
6837,-26
6838,-25
6839,-23
6840,-20
6841,-19
6842,-18
6843,-17
6844,-17
6845,-15
6846,-12
6847,-13
6848,-15
6849,-10
6850,-5
6851,-5
6852,-5
6853,-3
6854,-1
6855,1
6856,2
6857,2
6858,3
6859,4
6860,6
6861,7
6862,7
6863,14
6864,17
6865,19
6866,22
6867,23
6868,22
6869,22
6870,20
6871,19
6872,19
6873,16
6874,14
6875,11
6876,9
6877,9
6878,5
6879,-4
6880,-10
6881,-15
6882,-20
6883,-22
6884,-22
6885,-22
6886,-24
6887,-24
6888,-25
6889,-27
6890,-29
6891,-30
6892,-30
6893,-29
6894,-29
6895,-28
6896,-32
6897,-34
6898,-34
6899,-35
6900,-35
6901,-36
6902,-36
6903,-35
6904,-33
6905,-40
6906,-52
6907,-59
6908,-57
6909,-49
6910,-43
6911,-40
6912,-36
6913,-34
6914,-35
6915,-36
6916,-34
6917,-33
6918,-31
6919,-30
6920,-27
6921,-26
6922,-25
6923,-25
6924,-25
6925,-24
6926,-20
6927,-18
6928,-17
6929,-16
6930,-15
6931,-14
6932,-14
6933,-13
6934,-12
6935,-3
6936,9
6937,18
6938,22
6939,24
6940,25
6941,25
6942,26
6943,27
6944,27
6945,28
6946,26
6947,27
6948,24
6949,23
6950,22
6951,21
6952,19
6953,18
6954,17
6955,16
6956,14
6957,8
6958,-3
6959,-14
6960,-26
6961,-33
6962,-34
6963,-34
6964,-40
6965,-42
6966,-47
6967,-53
6968,-55
6969,-55
6970,-56
6971,-58
6972,-60
6973,-58
6974,-60
6975,-61
6976,-61
6977,-64
6978,-62
6979,-60
6980,-62
6981,-62
6982,-62
6983,-62
6984,-62
6985,-62
6986,-62
6987,-56
6988,-46
6989,-36
6990,-26
6991,-20
6992,-18
6993,-19
6994,-15
6995,-13
6996,-12
6997,-8
7297,-10
7298,-15
7299,-20
7300,-23
7301,-27
7302,-35
7303,-42
7304,-52
7305,-62
7306,-71
7307,-69
7308,-72
7309,-71
7310,-70
7311,-67
7312,-65
7313,-65
7314,-65
7315,-64
7316,-63
7317,-63
7318,-62
7319,-61
7320,-61
7321,-61
7322,-62
7323,-61
7324,-60
7325,-58
7326,-56
7327,-54
7328,-48
7329,-43
7330,-38
7331,-33
7332,-26
7333,-17
7334,-7
7335,4
7336,17
7337,16
7338,19
7339,20
7340,20
7341,17
7342,17
7343,18
7344,21
7345,23
7346,23
7347,23
7348,21
7349,20
7350,12
7351,10
7352,12
7353,14
7354,13
7355,15
7356,16
7357,18
7358,18
7359,18
7360,18
7361,18
7362,18
7363,18
7364,20
7365,21
7366,20
7367,20
7368,20
7369,20
7370,21
7371,22
7372,23
7373,23
7374,22
7375,17
7376,17
7377,18
7378,20
7379,21
7380,31
7381,35
7382,34
7383,34
7384,36
7385,32
7386,32
7387,32
7388,33
7389,35
7390,36
7391,38
7392,39
7393,40
7394,40
7395,41
7396,41
7397,42
7398,42
7399,42
7400,42
7401,40
7402,39
7403,38
7404,38
7405,41
7406,41
7407,41
7408,41
7409,40
7410,41
7411,40
7412,39
7413,38
7414,36
7415,39
7416,38
7417,38
7418,38
7419,38
7420,37
7421,37
7422,36
7423,36
7424,35
7425,34
7426,33
7427,33
7428,32
7429,32
7430,31
7431,32
7432,33
7433,32
7434,32
7435,34
7436,33
7437,30
7438,31
7439,30
7440,29
7441,28
7442,29
7443,30
7444,30
7445,31
7446,30
7447,31
7448,30
7449,29
7450,29
7451,29
7452,29
7453,29
7454,29
7455,30
7456,30
7457,29
7458,29
7459,30
7460,30
7461,28
7462,29
7463,29
7464,29
7465,27
7466,28
7467,30
7468,31
7469,31
7470,32
7471,33
7472,32
7473,33
7474,33
7475,32
7476,32
7477,32
7478,32
7479,32
7480,31
7481,31
7482,31
7483,31
7484,31
7485,29
7486,27
7487,26
7488,24
7489,22
7490,20
7491,21
7492,22
7493,21
7494,20
7495,18
7496,16
7497,16
7498,15
7499,13
7500,12
7501,11
7502,11
7503,12
7504,12
7505,13
7506,13
7507,14
7508,15
7509,16
7510,17
7511,17
7512,18
7513,18
7514,18
7515,20
7516,22
7517,23
7518,25
7519,24
7520,24
7521,25
7522,25
7523,26
7524,27
7525,29
7526,31
7527,31
7528,33
7529,35
7530,37
7531,37
7532,37
7533,36
7534,33
7535,30
7536,29
7537,28
7538,18
7539,14
7540,12
7541,9
7542,10
7543,9
7544,9
7545,9
7546,9
7547,10
7548,10
7549,13
7550,14
7551,14
7552,14
7553,13
7554,12
7555,13
7556,12
7557,8
7558,5
7559,-1
7560,-3
7561,-4
7562,-4
7563,-4
7564,-2
7565,0
7566,0
7567,-3
7568,2
7569,3
7570,3
7571,3
7572,1
7573,-1
7574,0
7575,3
7576,3
7577,2
7578,-2
7579,-4
7580,-5
7581,-7
7582,-8
7583,-9
7584,-10
7585,-11
7586,-9
7587,-9
7588,-8
7589,-4
7590,-3
7591,-2
7592,-2
7593,-2
7594,-2
7595,-1
7596,0
7597,4
7598,6
7599,7
7600,8
7601,9
7602,8
7603,8
7604,6
7605,2
7606,1
7607,0
7608,2
7609,4
7610,5
7611,5
7612,6
7613,7
7614,8
7615,9
7616,7
7617,8
7618,7
7619,8
7620,1
7621,-4
7622,-6
7623,-7
7624,-11
7625,-13
7626,-14
7627,-20
7628,-22
7629,-23
7630,-23
7631,-22
7632,-22
7633,-21
7634,-22
7635,-21
7636,-20
7637,-24
7638,-24
7639,-26
7640,-27
7641,-27
7642,-27
7643,-27
7644,-27
7645,-26
7646,-25
7647,-22
7648,-20
7649,-19
7650,-13
7651,-9
7652,-8
7653,-6
7654,-3
7655,-4
7656,-6
7657,0
7658,3
7659,2
7660,3
7661,-10
7662,-22
7663,-32
7664,-39
7665,-34
7666,-33
7667,-34
7668,-40
7669,-38
7670,-38
7671,-45
7672,-50
7673,-53
7674,-58
7675,-60
7676,-61
7677,-68
7678,-72
7679,-76
7680,-75
7681,-78
7682,-80
7683,-83
7684,-81
7685,-83
7686,-84
7687,-84
7688,-81
7689,-81
7690,-81
7691,-70
7692,-58
7693,-48
7694,-41
7695,-46
7696,-47
7697,-44
7698,-37
7699,-37
7700,-36
7701,-30
7702,-26
7703,-24
7704,-19
7705,-19
7706,-19
7707,-13
7708,-9
7709,-8
7710,-8
7711,-6
7712,-4
7713,-3
7714,-3
7715,0
7716,2
7717,-1
7718,-8
7719,-8
7720,-9
7721,-12
7722,-13
7723,-13
7724,-14
7725,-14
7726,-14
7727,-14
7728,-14
7729,-14
7730,-16
7731,-20
7732,-23
7733,-24
7734,-23
7735,-22
7736,-25
7737,-26
7738,-26
7739,-26
7740,-26
7741,-26
7742,-26
7743,-26
7744,-26
7745,-26
7746,-26
7747,-23
7748,-20
7749,-18
7750,-17
7751,-18
7752,-18
7753,-18
7754,-18
7755,-21
7756,-20
7757,-26
7758,-31
7759,-34
7760,-34
7761,-29
7762,-27
7763,-26
7764,-27
7765,-28
7766,-25
7767,-23
7768,-23
7769,-18
7770,-14
7771,-11
7772,-11
7773,-12
7774,-17
7775,-22
7776,-26
7777,-36
7778,-43
7779,-48
7780,-51
7781,-48
7782,-49
7783,-47
7784,-47
7785,-47
7786,-50
7787,-43
7788,-38
7789,-35
7790,-33
7791,-33
7792,-33
7793,-33
7794,-33
7795,-33
7796,-33
7797,-33
7798,-33
7799,-38
7800,-43
7801,-45
7802,-45
7803,-45
7804,-40
7805,-34
7806,-31
7807,-22
7808,-14
7809,-9
7810,-6
7811,-5
7812,-3
7813,-5
7814,-5
7815,-2
7816,0
7817,0
7818,0
7819,0
7820,0
7821,0
7822,0
7823,0
7824,0
7825,0
7826,0
7827,0
7828,0
7829,0
7830,0
7831,0
7832,0
7833,0
7834,0
7835,0
7836,0
7837,0
7838,0
7839,0
7840,0
7841,0
7842,-2
7843,-6
7844,-7
7845,-6
7846,-6
7847,-5
7848,-5
7849,-8
7850,-9
7851,-9
7852,-9
7853,-9
7854,-9
7855,-11
7856,-14
7857,-13
7858,-11
7859,-10
7860,-10
7861,-14
7862,-16
7863,-16
7864,-16
7865,-16
7866,-16
7867,-16
7868,-16
7869,-21
7870,-24
7871,-36
7872,-49
7873,-60
7874,-75
7875,-91
7876,-93
7877,-97
7878,-97
7879,-94
7880,-94
7881,-94
7882,-110
7883,-122
7884,-128
7885,-129
7886,-125
7887,-127
7888,-128
7889,-129
7890,-132
7891,-127
7892,-125
7893,-127
7894,-129
7895,-131
7896,-132
7897,-132
7898,-132
7899,-127
7900,-126
7901,-115
7902,-102
7903,-87
7904,-72
7905,-56
7906,-56
7907,-53
7908,-53
7909,-53
7910,-53
7911,-52
7912,-36
7913,-24
7914,-17
7915,-15
7916,-18
7917,-24
7918,-28
7919,-29
7920,-26
7921,-27
7922,-28
7923,-25
7924,-23
7925,-22
7926,-21
7927,-21
7928,-21
7929,-21
7930,-19
7931,-18
7932,-16
7933,-15
7934,-15
7935,-15
7936,-14
7937,-13
7944,-13
7945,-13
7946,-13
7947,-13
7948,-13
7949,-17
7950,-23
7951,-32
7952,-38
7953,-43
7954,-51
7955,-61
7956,-74
7957,-88
7958,-98
7959,-103
7960,-103
7961,-103
7962,-102
7963,-101
7964,-100
7965,-102
7966,-102
7967,-101
7968,-103
7969,-102
7970,-104
7971,-103
7972,-102
7973,-101
7974,-100
7975,-98
7976,-97
7977,-95
7978,-93
7979,-91
7980,-85
7981,-76
7982,-65
7983,-54
7984,-41
7985,-28
7986,-14
7987,1
7988,12
7989,18
7990,19
7991,19
7992,18
7993,18
7994,19
7995,20
7996,17
7997,10
7998,7
7999,1
8000,5
8001,4
8002,3
8003,2
8004,1
8005,1
8006,0
8007,-4
8008,-6
8009,-5
8010,-6
8011,-8
8012,-9
8013,-11
8014,-12
8015,-14
8016,-15
8017,-17
8018,-18
8019,-18
8020,-19
8021,-20
8022,-20
8023,-22
8024,-27
8025,-28
8026,-26
8027,-20
8028,-15
8029,-14
8030,-20
8031,-22
8032,-25
8033,-26
8034,-26
8035,-27
8036,-28
8037,-29
8038,-33
8039,-41
8040,-49
8041,-57
8042,-62
8043,-63
8044,-63
8045,-68
8046,-69
8047,-69
8048,-70
8049,-70
8050,-72
8051,-70
8052,-71
8053,-72
8054,-70
8055,-68
8056,-68
8057,-67
8058,-67
8059,-63
8060,-60
8061,-58
8062,-55
8063,-53
8064,-53
8065,-53
8066,-53
8067,-51
8068,-46
8069,-38
8070,-30
8071,-20
8072,-14
8073,-13
8074,-13
8075,-7
8076,-6
8077,-13
8078,-14
8079,-17
8080,-15
8081,-16
8082,-16
8083,-15
8084,-14
8085,-13
8086,-14
8087,-14
8088,-15
8089,-19
8090,-22
8091,-22
8092,-22
8093,-21
8094,-20
8095,-19
8096,-18
8097,-18
8098,-17
8099,-17
8100,-16
8101,-16
8102,-12
8103,-8
8104,-11
8105,-15
8106,-15
8107,-3
8108,5
8109,4
8110,2
8111,-4
8112,-14
8113,-17
8114,-16
8115,-15
8116,-15
8117,-15
8118,-14
8119,-11
8120,-9
8121,-9
8122,-10
8123,-12
8124,-13
8125,-15
8126,-17
8127,-18
8128,-20
8129,-20
8130,-19
8131,-17
8132,-19
8133,-21
8134,-19
8135,-18
8136,-18
8137,-23
8138,-30
8139,-27
8140,-25
8141,-18
8142,-9
8143,-5
8144,-7
8145,-8
8146,-8
8147,-7
8148,-7
8149,-7
8150,-6
8151,-6
8152,-5
8153,-5
8154,-4
8155,-3
8156,-2
8157,-1
8158,1
8159,1
8160,-7
8161,-12
8162,-15
8163,-17
8164,-15
8165,-13
8166,-12
8167,-13
8168,-12
8169,-13
8170,-15
8171,-15
8172,-15
8173,-15
8174,-14
8175,-13
8176,-12
8177,-11
8178,-11
8179,-11
8180,-12
8181,-12
8182,-12
8183,-12
8184,-12
8185,-12
8186,-13
8187,-16
8188,-19
8189,-22
8190,-17
8191,-14
8192,-14
8193,-16
8194,-18
8195,-18
8196,-17
8197,-14
8198,-13
8199,-11
8200,-7
8201,-6
8202,-6
8203,-4
8204,-4
8205,-3
8206,-3
8207,-3
8208,-2
8209,-1
8210,2
8211,3
8212,4
8213,6
8214,6
8215,6
8216,7
8217,10
8218,14
8219,17
8220,19
8221,19
8222,21
8223,25
8224,27
8225,27
8226,24
8227,22
8228,21
8229,20
8230,19
8231,17
8232,13
8233,11
8234,9
8235,8
8236,3
8237,3
8238,4
8239,4
8240,3
8241,1
8242,1
8243,-1
8244,0
8245,0
8246,-4
8247,-6
8248,-10
8249,-10
8250,-12
8251,-13
8252,-14
8253,-15
8254,-15
8255,-15
8256,-13
8257,-11
8258,-11
8259,-11
8260,-9
8261,-6
8262,-3
8263,0
8264,4
8265,2
8266,5
8267,6
8268,7
8269,7
8270,8
8271,10
8272,12
8273,14
8274,14
8275,15
8276,20
8277,23
8278,27
8279,23
8280,20
8281,20
8282,19
8283,19
8284,18
8285,17
8286,8
8287,7
8288,3
8289,-3
8290,-4
8291,-6
8292,-8
8293,-14
8294,-20
8295,-21
8296,-21
8297,-25
8298,-26
8299,-27
8300,-28
8301,-29
8302,-31
8303,-35
8304,-38
8305,-40
8306,-41
8307,-43
8308,-44
8309,-40
8310,-36
8311,-36
8312,-36
8313,-36
8314,-36
8315,-36
8316,-29
8317,-31
8318,-30
8319,-23
8320,-22
8321,-21
8322,-20
8323,-15
8324,-11
8325,-7
8326,-5
8327,-3
8328,-3
8329,-2
8330,-2
8331,-2
8332,-1
8333,2
8334,5
8335,5
8336,7
8337,9
8338,7
8339,6
8340,7
8341,8
8342,10
8343,11
8344,12
8345,14
8346,13
8347,17
8348,19
8349,14
8350,8
8351,7
8352,6
8353,5
8354,4
8355,3
8356,1
8357,0
8358,0
8359,-7
8360,-8
8361,-11
8362,-12
8363,-12
8364,-12
8365,-12
8366,-13
8367,-13
8368,-10
8369,-8
8370,-8
8371,-8
8372,-8
8373,-8
8374,-8
8375,-9
8376,-6
8377,-7
8378,-7
8379,-2
8380,5
8381,6
8382,6
8383,7
8384,8
8385,9
8386,11
8387,12
8388,12
8389,20
8390,22
8391,25
8392,26
8393,27
8394,28
8395,28
8396,28
8397,28
8398,28
8399,28
8400,28
8401,28
8402,28
8403,28
8404,29
8405,29
8406,29
8407,29
8408,29
8409,28
8410,21
8411,10
8412,3
8413,-1
8414,-2
8415,-3
8416,-4
8417,-5
8418,-8
8419,-10
8420,-13
8421,-13
8422,-13
8423,-13
8424,-14
8425,-14
8426,-15
8427,-18
8428,-19
8429,-20
8430,-21
8431,-22
8432,-23
8433,-24
8434,-25
8435,-26
8436,-27
8437,-27
8438,-29
8439,-29
8440,-22
8441,-13
8442,-6
8443,-2
8444,-2
8445,-2
8446,-1
8447,-2
8448,1
8449,2
8450,3
8451,2
8452,1
8453,-10
8454,-14
8455,-16
8456,-16
8457,-18
8458,-24
8459,-29
8460,-32
8461,-32
8462,-26
8463,-26
8464,-26
8465,-26
8466,-26
8467,-26
8468,-26
8469,-26
8470,-26
8471,-26
8472,-26
8473,-26
8474,-26
8475,-26
8476,-26
8477,-26
8478,-26
8479,-26
8480,-26
8481,-26
8482,-26
8483,-17
8484,-13
8485,-11
8486,-12
8487,-9
8488,-2
8489,3
8490,6
8491,6
