elapsed,GPR_left,GPR_right,GPA_left,GPA_right
0.0,101.09302325581395,108.0,14.153023255813949,5.939999999999998
1.0,94.35897435897435,91.42857142857143,20.758974358974356,5.028571428571425
2.0,86.79245283018868,98.18181818181819,17.79245283018868,17.181818181818187
3.0,66.3758389261745,80.42944785276073,16.925838926174492,14.879447852760734
4.0,75.03355704697987,90.92024539877299,19.133557046979867,16.820245398772997
5.0,129.03225806451613,129.87012987012986,29.032258064516128,29.87012987012986
6.0,111.35135135135135,119.76744186046511,8.351351351351354,16.767441860465112
7.0,115.16129032258064,114.97206703910615,8.061290322580646,12.072067039106145
8.0,116.23529411764706,113.35593220338983,7.555294117647051,13.035932203389834
9.0,115.18279569892474,111.72881355932203,8.062795698924731,12.84881355932204
10.0,110.8695652173913,115.2542372881356,8.869565217391298,13.254237288135599
11.0,114.67391304347827,119.2090395480226,9.173913043478265,13.709039548022602
12.0,116.57754010695187,121.7877094972067,7.577540106951872,12.787709497206706
13.0,117.03157894736842,119.35195530726257,5.8515789473684094,12.531955307262578
14.0,119.0,118.80446927374301,8.329999999999998,12.474469273743011
15.000000000000002,115.70967741935483,114.87777777777778,8.099677419354833,11.48777777777778
16.0,110.25,117.95530726256983,8.819999999999993,12.385307262569839
17.0,110.52631578947368,118.64406779661017,5.526315789473685,13.644067796610173
18.0,110.75268817204301,114.44444444444444,7.752688172043008,11.444444444444443
19.0,109.6774193548387,113.33333333333333,7.677419354838705,11.333333333333329
20.0,114.43850267379679,118.88888888888889,7.4385026737967905,11.888888888888886
21.0,109.23913043478261,112.29050279329608,8.73913043478261,11.790502793296085
22.0,115.18279569892474,111.10112359550561,8.062795698924731,12.221123595505617
23.0,116.33513513513513,114.87777777777778,8.725135135135133,11.48777777777778
24.0,116.12903225806451,120.0,8.129032258064512,12.0
25.0,119.27868852459017,115.86740331491713,10.138688524590165,11.007403314917127
26.0,114.26229508196721,110.99447513812154,9.712295081967213,10.544475138121541
27.0,112.99435028248588,110.49723756906077,12.994350282485883,10.497237569060772
28.0,116.65116279069767,127.85882352941177,16.331162790697675,19.17882352941176
29.000000000000004,115.38461538461539,120.6896551724138,10.384615384615387,15.689655172413794
30.000000000000004,117.20930232558139,124.8,16.409302325581393,15.599999999999994
31.000000000000004,113.5909090909091,118.90285714285714,13.6309090909091,14.862857142857138
32.0,109.52380952380952,124.85549132947978,17.52380952380952,16.855491329479776
33.0,111.16666666666667,126.72832369942196,17.786666666666676,17.10832369942196
34.0,124.86206896551724,120.65895953757226,16.232068965517243,16.288959537572254
35.0,144.6206896551724,123.90751445086705,18.80068965517242,16.727514450867048
36.0,132.16129032258064,143.13939393939393,9.251290322580644,25.049393939393923
37.0,123.86516853932584,115.63636363636364,13.625168539325841,13.876363636363635
38.0,142.6829268292683,124.13793103448276,25.682926829268297,16.13793103448276
39.0,130.72625698324023,131.70731707317074,13.726256983240233,23.707317073170742
40.0,104.58100558659218,105.36585365853658,10.98100558659219,18.965853658536574
41.0,128.02758620689656,155.36969696969697,35.207586206896565,27.189696969696968
42.0,139.01098901098902,126.21951219512195,12.510989010989022,22.71951219512195
43.0,133.475935828877,128.0,8.675935828877002,12.799999999999997
44.0,139.57894736842104,136.0,6.978947368421046,13.599999999999994
45.0,135.2568306010929,123.5027027027027,11.496830601092896,9.262702702702711
46.0,130.10752688172042,132.24043715846994,9.107526881720418,11.240437158469945
47.0,133.1578947368421,139.77900552486187,6.65789473684211,13.279005524861873
48.0,133.1578947368421,139.77900552486187,6.65789473684211,13.279005524861873
49.0,128.42487046632124,126.0,4.494870466321231,6.930000000000007
50.0,128.57142857142858,128.57142857142858,7.071428571428584,7.071428571428584
51.0,129.62962962962962,129.62962962962962,7.129629629629619,7.129629629629619
52.0,126.84210526315789,126.17801047120419,6.34210526315789,5.678010471204189
53.0,124.06417112299465,122.75132275132275,8.06417112299465,6.751322751322746
54.0,125.31147540983606,128.32258064516128,10.651475409836067,8.982580645161278
55.0,126.6304347826087,128.7292817679558,10.130434782608702,12.229281767955797
56.0,124.45652173913044,126.51933701657458,9.956521739130437,12.019337016574582
57.0,127.47252747252747,128.88888888888889,11.472527472527474,12.888888888888886
58.00000000000001,131.63841807909606,130.16759776536313,15.138418079096056,13.667597765363126
59.00000000000001,122.23255813953489,126.53333333333333,17.112558139534883,12.653333333333336
60.00000000000001,129.62962962962962,122.80701754385964,24.62962962962962,17.807017543859644
61.00000000000001,68.57861635220125,75.43558282208589,14.058616352201248,13.955582822085894
62.00000000000001,127.95266272189349,141.33333333333334,19.832662721893485,37.45333333333335
63.00000000000001,125.64161849710983,136.48979591836735,16.961618497109825,36.169795918367356
64.0,123.23699421965318,133.87755102040816,16.63699421965319,35.47755102040816
65.0,114.53488372093024,114.53488372093024,16.03488372093024,16.03488372093024
66.0,121.89349112426035,119.76744186046511,18.89349112426035,16.767441860465112
67.0,126.48,127.34131736526946,15.810000000000002,21.011317365269463
68.0,116.69364161849711,125.82035928143712,15.753641618497113,20.76035928143712
69.0,113.1741935483871,107.4,25.4641935483871,16.11
70.0,112.5,108.9171974522293,27.0,23.417197452229303
71.0,89.47368421052632,86.62420382165605,21.473684210526315,18.624203821656053
72.0,111.04761904761904,115.63636363636364,41.08761904761904,26.596363636363634
73.0,89.45454545454545,80.77611940298507,20.574545454545458,26.656119402985077
74.0,87.01298701298701,100.0,20.01298701298701,33.0
75.0,109.42028985507247,119.84126984126983,33.92028985507247,44.341269841269835
76.0,95.33333333333333,115.61702127659576,33.84333333333333,34.10702127659576
77.0,75.0,66.31205673758865,36.75,19.562056737588648
78.0,61.76470588235294,54.60992907801418,30.264705882352942,16.109929078014183
79.0,29.333333333333332,27.00709219858156,14.373333333333331,7.967092198581561
80.0,129.23076923076923,171.81818181818178,62.030769230769224,134.0181818181818
81.0,17.754385964912277,58.54545454545455,7.634385964912278,45.665454545454544
82.0,0.0,0.0,-0.0,-0.0
83.0,0.0,0.0,-0.0,-0.0
84.0,0.0,0.0,0.0,0.0
85.0,0.0,0.0,0.0,0.0
86.0,0.0,0.0,0.0,0.0
87.0,0.0,0.0,0.0,0.0
88.0,0.0,0.0,0.0,0.0
89.0,0.0,0.0,0.0,0.0
90.0,0.0,0.0,0.0,0.0
91.0,0.0,0.0,0.0,0.0
92.0,0.0,0.0,0.0,0.0
93.0,0.0,0.0,0.0,0.0
94.0,0.0,0.0,0.0,0.0
95.0,0.0,0.0,0.0,0.0
96.0,0.0,0.0,0.0,0.0
97.0,0.0,0.0,0.0,0.0
98.0,0.0,0.0,0.0,0.0
99.0,0.0,0.0,0.0,0.0
100.0,0.0,0.0,0.0,0.0
101.0,0.0,0.0,0.0,0.0
102.0,0.0,0.0,0.0,0.0
103.0,0.0,0.0,0.0,0.0
104.0,0.0,0.0,0.0,0.0
105.0,0.0,0.0,0.0,0.0
106.0,0.0,0.0,0.0,0.0
107.0,0.0,0.0,0.0,0.0
108.0,0.0,0.0,0.0,0.0
109.0,0.0,0.0,0.0,0.0
110.0,0.0,0.0,0.0,0.0
111.0,0.0,0.0,0.0,0.0
112.0,37.89473684210526,9.795918367346939,9.09473684210526,2.595918367346939
113.0,29.333333333333332,29.714285714285715,24.05333333333333,10.994285714285716
114.0,12.931034482758621,23.93617021276596,9.181034482758621,12.686170212765958
115.00000000000001,12.931034482758621,23.93617021276596,9.181034482758621,12.686170212765958
116.00000000000001,59.08571428571429,0.0,48.745714285714286,0.0
117.00000000000001,49.68421052631579,32.8,30.80421052631579,19.68
118.00000000000001,20.63157894736842,15.4,12.791578947368421,9.24
119.00000000000001,0.0,0.0,-0.0,-0.0
120.00000000000001,0.0,0.0,0.0,0.0
121.00000000000001,0.0,0.0,0.0,0.0
122.00000000000001,0.0,0.0,0.0,0.0
123.00000000000001,0.0,0.0,0.0,0.0
124.00000000000001,0.0,0.0,0.0,0.0
125.00000000000001,0.0,0.0,0.0,0.0
126.00000000000001,0.0,0.0,0.0,0.0
127.00000000000001,0.0,0.0,0.0,0.0
128.0,0.0,0.0,0.0,0.0
129.0,0.0,0.0,0.0,0.0
130.0,0.0,0.0,0.0,0.0
131.0,0.0,0.0,0.0,0.0
132.0,0.0,0.0,0.0,0.0
133.0,0.0,0.0,0.0,0.0
134.0,0.0,0.0,0.0,0.0
135.0,0.0,0.0,0.0,0.0
136.0,0.0,0.0,0.0,0.0
137.0,0.0,0.0,0.0,0.0
138.0,0.0,0.0,0.0,0.0
139.0,0.0,0.0,0.0,0.0
140.0,0.0,0.0,0.0,0.0
141.0,0.0,0.0,0.0,0.0
142.0,0.0,0.0,0.0,0.0
143.0,0.0,0.0,0.0,0.0
144.0,0.0,0.0,0.0,0.0
145.0,0.0,0.0,0.0,0.0
146.0,0.0,0.0,0.0,0.0
147.0,0.0,0.0,0.0,0.0
148.0,0.0,0.0,0.0,0.0
149.0,0.0,0.0,0.0,0.0
150.0,0.0,0.0,0.0,0.0
151.0,0.0,0.0,0.0,0.0
152.0,0.0,0.0,0.0,0.0
153.0,0.0,0.0,0.0,0.0
154.0,0.0,0.0,0.0,0.0
155.0,0.0,0.0,0.0,0.0
156.0,0.0,0.0,0.0,0.0
157.0,0.0,0.0,0.0,0.0
158.0,0.0,0.0,0.0,0.0
159.0,0.0,0.0,0.0,0.0
160.0,0.0,0.0,0.0,0.0
161.0,0.0,0.0,0.0,0.0
162.0,0.0,0.0,0.0,0.0
163.0,0.0,0.0,0.0,0.0
164.0,0.0,0.0,0.0,0.0
165.0,50.950819672131146,0.0,35.41081967213115,0.0
166.0,53.0,61.01754385964912,33.39,43.62754385964912
167.0,52.49999999999999,85.55555555555556,33.599999999999994,62.455555555555556
168.0,52.2,56.0,31.320000000000004,40.88
169.0,55.1,59.111111111111114,33.06,43.15111111111111
170.0,72.0,70.76923076923077,45.0,47.769230769230774
171.0,79.99999999999999,192.94117647058823,47.19999999999999,143.74117647058824
172.0,75.37190082644628,134.90196078431373,29.771900826446277,100.50196078431372
173.0,51.02479338842975,126.00000000000001,20.15479338842975,93.87
174.0,52.66115702479339,106.43137254901961,20.80115702479339,79.29137254901961
175.0,58.597938144329895,75.84615384615384,30.177938144329893,46.26615384615384
176.0,67.69072164948453,87.61538461538461,34.86072164948453,53.44538461538461
177.0,71.1340206185567,103.84615384615384,36.634020618556704,63.34615384615384
178.0,67.19642857142858,75.84090909090908,29.56642857142858,42.47090909090908
179.0,61.0,65.6923076923077,29.89,35.80230769230769
180.0,56.43564356435643,67.05882352941177,27.935643564356432,38.55882352941177
181.0,63.19191919191919,102.0,31.91191919191919,65.28
182.0,64.48,82.66666666666667,32.24,52.906666666666666
183.0,66.56,85.33333333333333,33.28,54.61333333333333
184.0,58.18181818181818,86.66666666666667,29.38181818181818,55.46666666666667
185.0,67.29411764705883,72.82758620689656,32.974117647058826,41.147586206896555
186.0,65.63265306122447,76.57142857142858,33.47265306122448,41.73142857142858
187.0,58.28,65.06930693069307,29.14,32.209306930693074
188.0,67.29411764705883,77.26829268292683,32.974117647058826,45.58829268292683
189.0,72.62068965517241,81.00000000000001,30.500689655172415,42.12000000000001
190.0,62.758620689655174,70.0,26.358620689655176,36.4
191.0,69.33333333333333,70.0,32.93333333333333,36.4
192.0,63.46153846153846,67.34693877551021,30.46153846153846,34.34693877551021
193.0,75.45098039215685,72.48979591836735,36.970980392156854,36.969795918367346
194.0,67.68,70.0183486238532,33.84,31.858348623853203
195.0,61.333333333333336,69.03092783505154,32.81333333333333,35.550927835051546
196.0,62.666666666666664,69.9381443298969,32.586666666666666,36.0181443298969
197.0,66.21176470588236,80.12371134020619,38.07176470588236,41.263711340206186
198.0,64.25287356321839,70.57142857142857,36.302873563218384,33.52142857142857
199.0,70.183908045977,77.08571428571429,39.653908045977005,36.61571428571429
200.0,72.64077669902912,94.45714285714286,35.23077669902912,44.86714285714285
201.0,56.07843137254902,71.37254901960785,27.478431372549018,34.97254901960785
202.0,65.97260273972603,55.03448275862069,41.89260273972603,23.11448275862069
203.0,70.86486486486487,70.75862068965517,44.64486486486487,39.97862068965517
204.0,79.09756097560975,79.5,46.66756097560975,42.93
205.0,82.46341463414635,76.5,48.653414634146344,41.31
206.0,84.85365853658537,78.71739130434783,50.06365853658537,42.50739130434783
207.0,59.744680851063826,52.89795918367347,31.664680851063828,26.97795918367347
208.0,61.30434782608695,56.19565217391305,40.154347826086955,30.345652173913045
209.0,54.492753623188406,46.08695652173913,35.69275362318841,24.886956521739133
210.0,0.0,0.0,0.0,0.0
211.0,0.0,0.0,0.0,0.0
212.0,0.0,0.0,0.0,0.0
213.0,0.0,0.0,0.0,0.0
214.0,0.0,0.0,0.0,0.0
215.0,0.0,0.0,0.0,0.0
216.0,0.0,0.0,0.0,0.0
217.0,0.0,0.0,0.0,0.0
218.0,0.0,0.0,0.0,0.0
219.0,0.0,0.0,0.0,0.0
220.0,0.0,0.0,0.0,0.0
221.0,0.0,0.0,0.0,0.0
222.0,0.0,0.0,0.0,0.0
223.0,9.69,0.0,-0.0,0.0
224.0,80.4848484848485,79.92592592592592,40.644848484848495,36.76592592592593
225.0,74.0,68.61818181818182,37.74,30.878181818181822
226.0,52.68131868131868,49.14545454545455,28.71131868131868,22.115454545454547
227.0,74.18181818181819,61.674418604651166,49.70181818181818,35.15441860465117
228.0,56.72727272727273,47.16279069767442,38.00727272727273,26.882790697674416
229.00000000000003,57.64705882352942,55.890410958904106,38.04705882352942,35.49041095890411
230.00000000000003,61.24242424242424,62.43835616438356,41.03242424242424,39.648356164383564
231.00000000000003,55.64705882352942,65.08108108108108,36.72705882352942,41.00108108108108
232.00000000000003,59.270270270270274,50.7710843373494,37.340270270270274,29.7010843373494
233.00000000000003,49.92307692307692,22.835443037974684,36.943076923076916,13.815443037974685
234.00000000000003,0.0,0.0,0.0,0.0
235.00000000000003,0.0,0.0,0.0,0.0
236.00000000000003,0.0,0.0,0.0,0.0
237.00000000000003,0.0,0.0,0.0,0.0
238.00000000000003,0.0,0.0,0.0,0.0
239.00000000000003,0.0,0.0,0.0,0.0
240.00000000000003,0.0,0.0,0.0,0.0
241.00000000000003,0.0,0.0,0.0,0.0
242.00000000000003,0.0,0.0,0.0,0.0
243.00000000000003,107.61061946902655,0.0,46.81061946902655,0.0
244.00000000000003,74.31666666666666,78.0,29.72666666666666,31.590000000000003
245.00000000000003,20.5,23.798319327731093,10.66,9.638319327731093
246.00000000000003,20.5,23.798319327731093,10.66,9.638319327731093
247.00000000000003,0.0,52.525252525252526,-0.0,26.525252525252526
248.00000000000003,55.922330097087375,58.867924528301884,27.122330097087374,27.667924528301885
249.00000000000003,97.39805825242719,71.39622641509435,47.238058252427194,33.55622641509434
250.00000000000003,61.91379310344827,62.275862068965516,26.003793103448274,35.18586206896552
251.00000000000003,0.0,0.0,-0.0,-0.0
252.00000000000003,0.0,0.0,-0.0,-0.0
253.00000000000003,0.0,0.0,0.0,0.0
254.00000000000003,100.8,0.0,37.8,-0.0
255.00000000000003,245.71428571428572,0.0,73.71428571428572,-0.0
256.0,120.15894039735099,120.75,29.43894039735099,43.47
257.0,105.13907284768212,105.65625,25.75907284768212,38.036249999999995
258.0,97.28767123287672,88.70422535211267,26.267671232876722,25.724225352112676
259.0,79.94029850746269,73.24444444444444,26.380298507462683,23.804444444444442
260.0,92.352,78.93333333333334,34.632000000000005,25.653333333333336
261.0,96.890625,94.8103448275862,34.880625,39.820344827586204
262.0,122.52348993288591,115.6774193548387,31.243489932885907,43.957419354838706
263.0,103.18796992481202,112.14492753623189,34.56796992481202,34.764927536231895
264.0,79.94736842105263,68.73913043478261,34.37736842105263,21.30913043478261
265.0,82.73873873873873,65.009009009009,36.81873873873873,28.929009009009008
266.0,105.94594594594595,83.24324324324324,47.145945945945954,37.04324324324324
267.0,94.5945945945946,94.5945945945946,42.0945945945946,42.0945945945946
268.0,72.63157894736842,62.16216216216216,38.131578947368425,27.66216216216216
269.0,70.47191011235955,64.63366336633663,39.11191011235955,31.993663366336634
270.0,77.27272727272727,77.36842105263158,39.022727272727266,40.618421052631575
271.0,73.71428571428571,86.4,42.75428571428571,45.36000000000001
272.0,66.0,59.626168224299064,42.9,27.726168224299066
273.0,72.0,65.04672897196261,46.8,30.24672897196261
274.0,57.96666666666667,63.0,40.57666666666667,33.39
275.0,78.71186440677967,60.95049504950495,55.49186440677967,30.17049504950495
276.0,54.421052631578945,41.64285714285714,38.91105263157895,24.15285714285714
277.0,0.0,0.0,0.0,-0.0
278.0,0.0,0.0,0.0,0.0
279.0,0.0,0.0,0.0,0.0
280.0,0.0,0.0,0.0,0.0
281.0,0.0,0.0,0.0,0.0
282.0,0.0,0.0,0.0,0.0
283.0,0.0,0.0,0.0,0.0
284.0,0.0,0.0,0.0,0.0
285.0,0.0,0.0,0.0,0.0
286.0,100.46511627906976,82.10526315789474,57.26511627906976,35.30526315789474
287.0,89.30232558139535,72.98245614035088,50.90232558139535,31.382456140350875
288.0,79.85185185185186,78.35087719298245,47.51185185185186,33.690877192982455
289.0,70.11235955056179,68.28282828282828,38.91235955056179,34.48282828282828
290.0,0.0,0.0,-0.0,-0.0
291.0,0.0,0.0,-0.0,-0.0
292.0,0.0,0.0,0.0,0.0
293.0,0.0,0.0,0.0,0.0
294.0,65.73033707865169,91.66666666666667,36.48033707865169,55.91666666666667
295.0,66.74157303370787,93.07692307692307,37.04157303370786,56.77692307692307
296.0,80.64516129032258,67.56756756756756,43.14516129032258,30.067567567567565
297.0,76.45945945945945,76.81132075471699,48.16945945945945,36.10132075471699
298.0,79.625,71.29032258064517,47.775,38.14032258064517
299.0,18.4,18.580645161290324,11.04,9.940645161290323
300.0,19.116883116883116,16.941176470588236,11.756883116883117,8.301176470588235
301.0,40.881889763779526,66.74747474747475,14.921889763779525,33.707474747474755
302.0,89.34285714285714,56.02020202020202,58.072857142857146,28.29020202020202
303.0,93.88571428571429,58.86868686868687,61.02571428571429,29.72868686868687
304.0,84.53731343283582,68.17777777777778,56.217313432835816,37.49777777777778
305.0,77.91304347826087,84.62222222222222,59.99304347826087,46.54222222222222
306.0,23.0,19.2,15.64,10.559999999999999
307.0,0.0,0.0,0.0,0.0
308.0,0.0,0.0,0.0,0.0
309.0,0.0,0.0,0.0,0.0
310.0,0.0,0.0,0.0,0.0
311.0,0.0,0.0,0.0,0.0
312.0,0.0,0.0,0.0,0.0
313.0,0.0,0.0,0.0,0.0
314.0,0.0,0.0,0.0,0.0
315.0,0.0,0.0,0.0,0.0
316.0,0.0,0.0,0.0,0.0
317.0,0.0,0.0,0.0,0.0
318.0,0.0,0.0,0.0,0.0
319.0,0.0,0.0,0.0,0.0
320.0,0.0,0.0,0.0,0.0
321.0,0.0,0.0,0.0,0.0
322.0,0.0,0.0,0.0,0.0
323.0,0.0,0.0,0.0,0.0
324.0,0.0,0.0,0.0,0.0
325.0,0.0,0.0,0.0,0.0
326.0,0.0,0.0,0.0,0.0
327.0,0.0,0.0,0.0,0.0
328.0,0.0,0.0,0.0,0.0
329.0,0.0,0.0,0.0,0.0
330.0,0.0,0.0,0.0,0.0
331.0,0.0,0.0,0.0,0.0
332.0,0.0,0.0,0.0,0.0
333.0,0.0,0.0,0.0,0.0
334.0,0.0,0.0,0.0,0.0
335.0,0.0,0.0,0.0,0.0
336.0,0.0,0.0,0.0,0.0
337.0,0.0,0.0,0.0,0.0
338.0,0.0,0.0,0.0,0.0
339.0,0.0,0.0,0.0,0.0
340.0,0.0,0.0,0.0,0.0
341.0,0.0,0.0,0.0,0.0
342.0,102.0,0.0,67.32,0.0
343.0,88.128,75.072,33.048,28.152
344.0,101.1968503937008,98.784,36.936850393700794,37.044000000000004
345.0,87.30708661417323,112.896,31.867086614173232,42.336
346.0,71.05511811023622,81.408,25.935118110236225,30.528
347.0,0.0,0.0,0.0,0.0
348.0,34.73913043478261,31.614035087719298,18.75913043478261,13.594035087719298
349.0,45.63380281690141,24.210526315789473,29.43380281690141,10.410526315789472
350.0,52.746268656716424,39.791044776119406,35.07626865671642,26.461044776119408
351.0,42.6865671641791,34.92537313432836,28.3865671641791,23.22537313432836
352.0,47.701492537313435,53.791044776119406,31.721492537313434,35.77104477611941
353.0,44.19047619047619,43.08571428571429,30.270476190476188,28.00571428571429
354.0,36.57142857142857,35.65714285714286,25.05142857142857,23.177142857142858
355.0,38.33333333333333,36.0,29.13333333333333,25.2
356.0,0.0,0.0,0.0,0.0
357.0,0.0,0.0,0.0,0.0
358.0,0.0,0.0,0.0,0.0
359.0,0.0,0.0,0.0,0.0
360.0,0.0,0.0,0.0,0.0
361.0,0.0,0.0,0.0,0.0
362.0,0.0,0.0,0.0,0.0
363.0,0.0,0.0,0.0,0.0
364.0,0.0,0.0,0.0,0.0
365.0,0.0,0.0,0.0,0.0
366.0,0.0,0.0,0.0,0.0
367.0,0.0,0.0,0.0,0.0
368.0,0.0,0.0,0.0,0.0
369.0,0.0,0.0,0.0,0.0
370.0,0.0,0.0,0.0,0.0
371.0,0.0,0.0,0.0,0.0
372.0,0.0,0.0,0.0,0.0
373.0,0.0,0.0,0.0,0.0
374.0,0.0,0.0,0.0,0.0
375.0,0.0,0.0,0.0,0.0
376.0,0.0,0.0,0.0,0.0
377.0,0.0,0.0,0.0,0.0
378.0,0.0,0.0,0.0,0.0
379.0,0.0,0.0,0.0,0.0
380.0,0.0,0.0,0.0,0.0
381.0,64.96774193548387,63.03529411764706,34.75774193548387,36.24529411764706
382.0,43.373493975903614,42.35294117647059,25.373493975903614,24.352941176470587
383.0,21.038961038961038,54.782608695652165,12.938961038961038,35.882608695652166
384.0,0.0,0.0,-0.0,-0.0
385.0,0.0,0.0,-0.0,-0.0
386.0,0.0,0.0,0.0,0.0
387.0,0.0,0.0,0.0,0.0
388.0,72.05882352941177,0.0,23.058823529411768,0.0
389.0,0.0,0.0,0.0,0.0
390.0,0.0,0.0,0.0,0.0
391.0,0.0,0.0,0.0,0.0
392.0,0.0,0.0,0.0,0.0
393.0,0.0,0.0,0.0,0.0
394.0,0.0,0.0,0.0,0.0
395.0,0.0,0.0,0.0,0.0
396.0,0.0,0.0,0.0,0.0
397.0,0.0,0.0,0.0,0.0
398.0,0.0,0.0,0.0,0.0
399.0,0.0,0.0,0.0,0.0
400.0,0.0,0.0,0.0,0.0
401.0,0.0,0.0,0.0,0.0
402.0,0.0,0.0,0.0,0.0
403.0,0.0,0.0,0.0,0.0
404.0,0.0,0.0,0.0,0.0
405.0,0.0,0.0,0.0,0.0
406.0,0.0,0.0,0.0,0.0
407.0,0.0,0.0,0.0,0.0
408.0,0.0,0.0,0.0,0.0
409.0,0.0,0.0,0.0,0.0
410.0,0.0,0.0,0.0,0.0
411.0,0.0,0.0,0.0,0.0
412.0,0.0,0.0,0.0,0.0
413.0,0.0,0.0,0.0,0.0
414.0,0.0,0.0,0.0,0.0
415.0,0.0,0.0,0.0,0.0
416.0,0.0,0.0,0.0,0.0
417.0,0.0,0.0,0.0,0.0
418.0,0.0,0.0,0.0,0.0
419.0,0.0,0.0,0.0,0.0
420.0,0.0,0.0,0.0,0.0
421.0,0.0,0.0,0.0,0.0
422.0,0.0,0.0,0.0,0.0
423.0,0.0,0.0,0.0,0.0
424.0,0.0,0.0,0.0,0.0
425.0,0.0,0.0,0.0,0.0
426.0,0.0,0.0,0.0,0.0
427.0,0.0,0.0,0.0,0.0
428.0,0.0,0.0,0.0,0.0
429.0,0.0,0.0,0.0,0.0
430.0,0.0,0.0,0.0,0.0
431.0,0.0,0.0,0.0,0.0
432.0,0.0,0.0,0.0,0.0
433.0,0.0,0.0,0.0,0.0
434.0,0.0,0.0,0.0,0.0
435.0,0.0,0.0,0.0,0.0
436.0,0.0,0.0,0.0,0.0
437.0,0.0,0.0,0.0,0.0
438.0,0.0,0.0,0.0,0.0
439.0,0.0,0.0,0.0,0.0
440.0,0.0,0.0,0.0,0.0
441.0,0.0,0.0,0.0,0.0
442.0,0.0,0.0,0.0,0.0
443.0,0.0,0.0,0.0,0.0
444.0,0.0,0.0,0.0,0.0
445.0,0.0,0.0,0.0,0.0
446.0,0.0,0.0,0.0,0.0
447.0,0.0,0.0,0.0,0.0
448.0,0.0,0.0,0.0,0.0
449.0,0.0,0.0,0.0,0.0
450.0,0.0,0.0,0.0,0.0
451.0,0.0,0.0,0.0,0.0
452.0,0.0,0.0,0.0,0.0
453.0,0.0,0.0,0.0,0.0
454.0,0.0,0.0,0.0,0.0
455.0,0.0,0.0,0.0,0.0
456.0,0.0,0.0,0.0,0.0
457.00000000000006,0.0,0.0,0.0,0.0
458.00000000000006,0.0,0.0,0.0,0.0
459.00000000000006,0.0,0.0,0.0,0.0
460.00000000000006,0.0,0.0,0.0,0.0
461.00000000000006,0.0,0.0,0.0,0.0
462.00000000000006,0.0,0.0,0.0,0.0
463.00000000000006,0.0,0.0,0.0,0.0
464.00000000000006,0.0,0.0,0.0,0.0
465.00000000000006,0.0,0.0,0.0,0.0
466.00000000000006,0.0,0.0,0.0,0.0
467.00000000000006,0.0,0.0,0.0,0.0
468.00000000000006,0.0,0.0,0.0,0.0
469.00000000000006,0.0,0.0,0.0,0.0
470.00000000000006,0.0,0.0,0.0,0.0
471.00000000000006,0.0,0.0,0.0,0.0
472.00000000000006,0.0,0.0,0.0,0.0
473.00000000000006,0.0,0.0,0.0,0.0
474.00000000000006,0.0,0.0,0.0,0.0
475.00000000000006,0.0,0.0,0.0,0.0
476.00000000000006,0.0,0.0,0.0,0.0
477.00000000000006,0.0,0.0,0.0,0.0
478.00000000000006,96.4736842105263,100.26666666666668,23.153684210526308,32.58666666666667
479.00000000000006,109.46052631578948,138.9777777777778,26.270526315789482,45.167777777777786
480.00000000000006,77.3103448275862,44.51428571428572,21.26034482758621,5.564285714285717
481.00000000000006,127.76551724137931,73.56571428571428,35.13551724137932,9.195714285714274
482.00000000000006,89.14838709677419,102.0,20.058387096774183,30.090000000000003
483.00000000000006,60.96774193548387,81.91489361702128,13.717741935483872,24.164893617021278
484.00000000000006,83.49295774647888,69.26582278481013,24.212957746478878,14.545822784810127
485.00000000000006,72.64335664335664,65.8,20.703356643356642,19.739999999999995
486.00000000000006,60.87619047619047,51.48571428571429,28.916190476190472,15.445714285714288
487.00000000000006,54.23076923076923,59.4392523364486,26.030769230769234,27.639252336448596
488.00000000000006,45.19230769230769,49.532710280373834,21.692307692307693,23.032710280373834
489.00000000000006,60.123711340206185,48.705882352941174,30.963711340206185,23.865882352941174
490.00000000000006,54.0,45.09803921568628,27.0,22.098039215686278
491.00000000000006,53.48837209302326,48.93617021276596,30.48837209302326,25.93617021276596
492.00000000000006,65.61904761904762,54.12765957446808,38.05904761904762,28.687659574468082
493.00000000000006,67.42857142857143,65.86046511627907,36.74857142857143,37.54046511627907
494.00000000000006,66.68041237113403,72.38709677419354,34.34041237113402,38.72709677419354
495.00000000000006,57.52577319587629,73.33333333333333,29.62577319587629,39.23333333333333
496.00000000000006,62.0,63.73831775700935,34.1,29.638317757009347
497.00000000000006,69.92682926829268,61.58095238095238,41.25682926829268,29.250952380952384
498.00000000000006,31.080459770114942,25.21212121212121,17.560459770114942,12.73212121212121
499.00000000000006,28.689655172413794,22.58823529411765,16.209655172413793,11.068235294117649
500.00000000000006,67.02702702702703,72.94117647058825,42.227027027027034,35.74117647058824
501.00000000000006,75.0,65.0,45.75,29.25
502.00000000000006,87.29896907216495,60.71287128712871,44.95896907216495,30.052871287128713
503.00000000000006,88.3076923076923,82.0,48.12769230769231,40.18
504.00000000000006,88.3076923076923,82.0,48.12769230769231,40.18
505.00000000000006,80.64516129032258,73.52941176470588,43.14516129032258,36.029411764705884
506.00000000000006,73.60824742268042,62.36363636363635,37.90824742268042,28.063636363636355
507.00000000000006,72.06521739130434,65.0,38.915217391304346,33.15
508.00000000000006,96.02150537634408,104.89583333333333,51.37150537634408,54.54583333333333
509.00000000000006,93.5702479338843,84.984375,36.960247933884304,30.594375
510.00000000000006,92.82644628099173,74.75,36.666446280991735,26.909999999999997
511.00000000000006,89.5609756097561,73.3125,34.4809756097561,26.3925
512.0,103.57377049180327,86.80645161290323,40.393770491803274,32.98645161290323
513.0,95.2,95.96774193548387,35.7,36.46774193548387
514.0,87.312,84.56451612903226,32.742,32.13451612903226
515.0,86.95081967213115,72.0,33.91081967213115,23.04
516.0,78.49180327868852,53.11764705882352,30.61180327868852,16.997647058823524
517.0,65.96153846153845,64.32432432432434,31.661538461538456,28.624324324324334
518.0,75.38461538461539,73.5135135135135,36.184615384615384,32.713513513513504
519.0,61.09090909090909,51.857142857142854,24.130909090909093,22.817142857142855
520.0,98.48387096774194,143.2566371681416,37.423870967741934,62.3166371681416
521.0,107.08148148148148,94.63829787234043,34.801481481481474,27.918297872340432
522.0,94.4,85.81818181818181,33.040000000000006,29.178181818181812
523.0,93.7007874015748,93.7007874015748,34.2007874015748,34.2007874015748
524.0,89.25,95.93798449612403,32.13,34.05798449612403
525.0,90.0,96.74418604651163,32.4,34.34418604651163
526.0,96.9624060150376,90.87022900763358,32.4824060150376,31.35022900763358
527.0,90.9037037037037,89.9047619047619,29.5437037037037,33.2647619047619
528.0,94.05882352941177,92.25,30.098823529411767,33.21
529.0,45.52755905511811,47.015625,16.61755905511811,16.925625
530.0,72.03418803418803,190.69565217391303,29.894188034188033,146.83565217391305
531.0,78.03418803418803,162.3913043478261,32.384188034188035,125.0413043478261
532.0,81.41538461538461,103.9245283018868,28.49538461538461,48.8445283018868
533.0,81.41538461538461,103.9245283018868,28.49538461538461,48.8445283018868
534.0,93.87692307692308,89.62068965517241,32.856923076923074,37.640689655172416
535.0,86.52482269503547,105.17241379310344,25.524822695035468,44.172413793103445
536.0,95.0962962962963,104.390625,30.906296296296304,37.580625
537.0,81.34351145038168,88.8,28.063511450381682,31.08
538.0,74.63414634146342,67.84615384615384,28.734146341463422,23.746153846153838
539.0,90.22222222222223,107.56363636363636,33.382222222222225,48.403636363636366
540.0,82.5,68.60655737704919,31.35,26.756557377049184
541.0,60.32258064516129,50.16393442622951,22.92258064516129,19.56393442622951
542.0,73.92233009708738,91.34042553191489,35.85233009708738,48.41042553191489
543.0,82.11864406779661,99.04255319148936,33.668644067796606,52.492553191489364
544.0,66.130081300813,83.0,25.460081300813002,40.67
545.0,83.65853658536585,92.32758620689656,32.20853658536585,38.77758620689656
546.0,90.07352941176471,109.91379310344827,28.82352941176471,46.16379310344827
547.0,93.97163120567376,96.31147540983606,27.72163120567376,37.56147540983606
548.0,99.98581560283687,102.47540983606558,29.49581560283687,39.96540983606558
549.0,72.50704225352112,76.032,21.027042253521124,28.511999999999993
550.0,81.74603174603175,83.06451612903226,30.246031746031747,31.564516129032256
551.0,98.49624060150376,119.0909090909091,32.99624060150376,53.59090909090909
552.0,75.15789473684211,84.24561403508773,25.177894736842113,36.22561403508772
553.0,74.03225806451613,77.36842105263158,28.13225806451613,33.268421052631574
554.0,84.70967741935483,85.05263157894737,32.18967741935483,36.57263157894737
555.0,95.61290322580645,96.0,36.33290322580645,41.28
556.0,76.0,82.16216216216216,26.6,36.56216216216216
557.0,57.36585365853659,62.76923076923077,22.085853658536585,26.049230769230768
558.0,73.5576923076923,83.52272727272727,35.30769230769231,46.772727272727266
559.0,72.5945945945946,86.02222222222223,32.3045945945946,47.312222222222225
560.0,36.4,44.2,17.29,24.310000000000002
561.0,0.0,0.0,0.0,-0.0
562.0,0.0,0.0,0.0,-0.0
563.0,55.148936170212764,68.48780487804878,29.228936170212762,40.40780487804878
564.0,65.40425531914893,59.91208791208791,34.664255319148936,32.65208791208791
565.0,83.50515463917526,95.29411764705883,43.00515463917526,54.794117647058826
566.0,81.19298245614036,100.51764705882353,34.912982456140355,57.79764705882353
567.0,75.42857142857143,84.54901960784314,30.548571428571428,41.42901960784314
568.0,81.76190476190476,89.17117117117117,30.25190476190476,39.681171171171165
569.0,77.1875,76.0,27.7875,30.4
570.0,80.78740157480316,74.7008547008547,29.487401574803158,31.000854700854703
571.0,87.59055118110236,80.99145299145299,31.97055118110236,33.611452991452985
572.0,69.06870229007633,73.26315789473684,23.82870229007633,31.503157894736837
573.0,81.07692307692308,74.70491803278688,33.64692307692308,29.134918032786878
574.0,90.66666666666667,80.26229508196721,37.62666666666667,31.30229508196721
575.0,84.56410256410257,77.91803278688525,35.09410256410257,30.388032786885248
576.0,72.72727272727273,66.11570247933884,32.727272727272734,26.115702479338836
577.0,71.75,75.35135135135135,31.57,33.531351351351354
578.0,77.875,81.78378378378379,34.265,36.39378378378379
579.0,89.62393162393163,95.73684210526316,37.193931623931626,41.166842105263164
580.0,68.52713178294573,66.88524590163934,24.327131782945727,26.08524590163934
581.0,44.51428571428571,55.13114754098361,21.14428571428571,21.50114754098361
582.0,84.67924528301887,85.38613861386139,39.79924528301887,42.26613861386139
583.0,80.92561983471074,105.02970297029702,31.965619834710743,51.989702970297024
584.0,92.44444444444444,72.06299212598425,34.20444444444444,26.302992125984254
585.0,82.53968253968254,81.88976377952756,30.539682539682545,29.889763779527556
586.0,97.67441860465117,105.88235294117646,34.674418604651166,42.882352941176464
587.0,80.79338842975207,73.36585365853658,31.913388429752068,28.245853658536582
588.0,72.21052631578948,73.86206896551724,31.050526315789483,31.022068965517235
589.0,74.66666666666667,70.34482758620689,35.46666666666667,29.544827586206893
590.0,46.75229357798165,49.570093457943926,21.272293577981653,23.050093457943927
591.0,86.9041095890411,34.3728813559322,55.1841095890411,14.0928813559322
592.0,0.0,0.0,-0.0,-0.0
593.0,0.0,0.0,-0.0,-0.0
594.0,0.0,0.0,0.0,0.0
595.0,0.0,0.0,0.0,0.0
596.0,0.0,0.0,0.0,0.0
597.0,0.0,0.0,0.0,0.0
598.0,0.0,0.0,0.0,0.0
599.0,0.0,0.0,0.0,0.0
600.0,0.0,0.0,0.0,0.0
601.0,0.0,0.0,0.0,0.0
602.0,40.35164835164835,0.0,21.99164835164835,0.0
603.0,15.91304347826087,9.454545454545455,8.593043478260869,4.774545454545455
604.0,0.0,0.0,0.0,0.0
605.0,0.0,0.0,0.0,0.0
606.0,0.0,0.0,0.0,0.0
607.0,0.0,0.0,0.0,0.0
608.0,71.73913043478261,0.0,38.73913043478261,-0.0
609.0,66.03174603174604,83.47826086956522,45.23174603174604,64.27826086956522
610.0,66.70588235294117,50.8421052631579,44.025882352941174,31.522105263157897
611.0,64.0909090909091,84.75409836065573,42.940909090909095,58.90409836065573
612.0,66.80952380952381,92.78873239436619,38.74952380952381,59.848732394366195
613.0,64.71910112359551,83.80952380952382,35.91910112359551,48.60952380952382
614.0,60.46511627906977,50.0,34.46511627906977,26.0
615.0,55.627906976744185,46.0,31.707906976744184,23.92
616.0,43.82222222222222,36.151898734177216,24.102222222222224,21.871898734177215
617.0,62.22222222222222,44.55696202531646,39.82222222222222,26.956962025316457
618.0,28.985507246376812,57.69230769230769,18.985507246376812,42.69230769230769
619.0,0.0,0.0,0.0,0.0
620.0,0.0,0.0,0.0,0.0
621.0,0.0,0.0,0.0,0.0
622.0,107.2463768115942,0.0,70.2463768115942,-0.0
623.0,58.666666666666664,0.0,36.666666666666664,-0.0
624.0,0.0,6.666666666666667,-0.0,4.666666666666667
625.0,0.0,50.0,-0.0,35.0
626.0,0.0,0.0,0.0,0.0
627.0,0.0,0.0,0.0,0.0
628.0,0.0,0.0,0.0,0.0
629.0,0.0,0.0,0.0,0.0
630.0,0.0,0.0,0.0,0.0
631.0,0.0,0.0,0.0,0.0
632.0,0.0,0.0,0.0,0.0
633.0,0.0,0.0,0.0,0.0
634.0,0.0,0.0,0.0,0.0
635.0,0.0,0.0,0.0,0.0
636.0,0.0,0.0,0.0,0.0
637.0,0.0,0.0,0.0,0.0
638.0,0.0,0.0,0.0,0.0
639.0,0.0,0.0,0.0,0.0
640.0,0.0,0.0,0.0,0.0
641.0,0.0,0.0,0.0,0.0
642.0,0.0,0.0,0.0,0.0
643.0,0.0,0.0,0.0,0.0
644.0,0.0,0.0,0.0,0.0
645.0,0.0,0.0,0.0,0.0
646.0,0.0,0.0,0.0,0.0
647.0,0.0,0.0,0.0,0.0
648.0,0.0,0.0,0.0,0.0
649.0,0.0,0.0,0.0,0.0
650.0,0.0,0.0,0.0,0.0
651.0,0.0,0.0,0.0,0.0
652.0,0.0,0.0,0.0,0.0
653.0,0.0,0.0,0.0,0.0
654.0,0.0,0.0,0.0,0.0
655.0,0.0,0.0,0.0,0.0
656.0,0.0,0.0,0.0,0.0
657.0,0.0,0.0,0.0,0.0
658.0,0.0,0.0,0.0,0.0
659.0,0.0,0.0,0.0,0.0
660.0,0.0,0.0,0.0,0.0
661.0,0.0,0.0,0.0,0.0
662.0,18.1123595505618,18.257668711656443,1.9923595505617975,3.377668711656442
663.0,36.779661016949156,27.793103448275858,25.929661016949154,7.643103448275859
664.0,56.389380530973455,51.20754716981132,24.529380530973455,24.06754716981132
665.0,62.06896551724138,61.016949152542374,26.06896551724138,25.016949152542374
666.0,63.87931034482758,47.3728813559322,26.829310344827583,19.4228813559322
667.0,31.837837837837842,21.5,14.16783783783784,8.17
668.0,19.063063063063062,20.032258064516128,8.483063063063062,7.612258064516128
669.0,0.0,0.0,0.0,0.0
670.0,0.0,0.0,0.0,0.0
671.0,0.0,0.0,0.0,0.0
672.0,0.0,0.0,0.0,0.0
673.0,0.0,0.0,0.0,0.0
674.0,0.0,0.0,0.0,0.0
675.0,0.0,0.0,0.0,0.0
676.0,0.0,0.0,0.0,0.0
677.0,0.0,0.0,0.0,0.0
678.0,0.0,0.0,0.0,0.0
679.0,0.0,0.0,0.0,0.0
680.0,0.0,0.0,0.0,0.0
681.0,0.0,0.0,0.0,0.0
682.0,0.0,0.0,0.0,0.0
683.0,0.0,0.0,0.0,0.0
684.0,87.20610687022901,78.828025477707,30.08610687022901,16.948025477707
685.0,73.96946564885496,59.29936305732484,25.51946564885496,12.749363057324842
686.0,71.06870229007633,61.71974522292994,24.518702290076334,13.269745222929934
687.0,90.30508474576271,93.09677419354838,37.02508474576271,35.376774193548385
688.0,85.63963963963964,76.1076923076923,38.10963963963964,26.637692307692305
689.0,89.16666666666667,89.16666666666667,35.66666666666667,35.66666666666667
690.0,102.5,102.5,41.0,41.0
691.0,109.33812949640287,115.8888888888889,33.348129496402876,42.878888888888895
692.0,107.5944055944056,116.04347826086955,30.664405594405594,35.973478260869555
693.0,110.91390728476821,101.03401360544218,27.17390728476822,26.77401360544218
694.0,111.48387096774194,100.82191780821917,25.08387096774193,27.221917808219175
695.0,81.0,126.24657534246575,29.159999999999997,34.08657534246575
696.0,110.8125,172.7123287671233,39.8925,46.6323287671233
697.0,122.87581699346406,145.2054794520548,28.875816993464056,39.20547945205479
698.0,132.0,116.61349693251533,29.040000000000006,21.573496932515326
699.0,128.24539877300614,118.38036809815951,23.725398773006148,21.900368098159504
700.0,111.8282208588957,120.07594936708861,20.688220858895704,25.215949367088612
701.0,118.41666666666667,127.03067484662577,18.946666666666673,23.50067484662577
702.0,118.41666666666667,127.81481481481481,18.946666666666673,24.28481481481481
703.0,119.4,117.48192771084338,17.91000000000001,19.971927710843374
704.0,107.4,105.67469879518072,16.11,17.964698795180723
705.0,108.60122699386503,94.56626506024095,20.09122699386502,16.076265060240956
706.0,91.77358490566037,96.98159509202455,18.813584905660377,17.941595092024542
707.0,85.05660377358491,86.3558282208589,17.436603773584906,15.9758282208589
708.0,84.44025157232704,85.73006134969326,17.310251572327047,15.860061349693254
709.0,100.6027397260274,97.32413793103449,27.162739726027397,26.764137931034483
710.0,87.21739130434783,79.75172413793103,27.03739130434783,21.931724137931035
711.0,79.2,65.54482758620689,27.720000000000006,18.02482758620689
712.0,69.6,57.6,24.359999999999992,15.840000000000003
713.0,64.29508196721312,56.096774193548384,25.075081967213123,21.316774193548383
714.0,24.945454545454545,23.032258064516128,11.225454545454545,8.752258064516129
715.0,69.0,78.38709677419355,27.6,29.78709677419355
716.0,56.733333333333334,64.45161290322581,22.693333333333335,24.491612903225807
717.0,52.23728813559322,67.0,21.417288135593218,30.82
718.0,63.473684210526315,59.26923076923077,27.293684210526315,28.449230769230766
719.0,61.578947368421055,57.5,26.478947368421053,27.6
720.0,62.4,64.65306122448979,28.08,32.97306122448979
721.0,76.96363636363637,83.0,34.63363636363637,42.33
722.0,30.0,79.06976744186046,24.0,45.06976744186046
723.0,72.7218045112782,85.02857142857142,24.361804511278194,40.388571428571424
724.0,72.88888888888889,60.13333333333333,26.968888888888884,24.053333333333335
725.0,61.876106194690266,76.71028037383178,26.916106194690265,35.67028037383178
726.0,59.43362831858407,73.6822429906542,25.85362831858407,34.2622429906542
727.0,63.27272727272727,49.945945945945944,24.992727272727272,22.225945945945945
728.0,57.89473684210526,68.04123711340206,24.89473684210526,35.04123711340206
729.0,69.72477064220183,76.76767676767676,31.724770642201833,38.76767676767676
730.0,77.51612903225806,82.70707070707071,29.456129032258062,41.767070707070715
731.0,70.45161290322581,61.285714285714285,26.771612903225808,26.965714285714284
732.0,63.6140350877193,67.39285714285714,27.354035087719303,29.652857142857137
733.0,63.6140350877193,67.39285714285714,27.354035087719303,29.652857142857137
734.0,60.78947368421053,62.30769230769231,26.13947368421053,33.957692307692305
735.0,54.54545454545455,58.42696629213483,30.545454545454547,32.42696629213483
736.0,54.054054054054056,61.53846153846154,34.054054054054056,41.53846153846154
737.0,33.521126760563384,71.07692307692308,21.621126760563385,47.97692307692308
738.0,59.111111111111114,61.27058823529412,43.15111111111111,35.23058823529412
739.0,52.02150537634409,52.53124999999999,27.831505376344086,35.72125
740.0,52.0,82.75862068965517,26.0,58.758620689655174
741.0,53.54455445544554,67.45945945945945,26.504554455445543,42.49945945945945
742.0,44.277227722772274,55.78378378378378,21.917227722772274,35.14378378378378
743.0,89.5909090909091,93.27777777777777,50.17090909090909,59.69777777777777
744.0,67.49056603773586,114.55384615384614,31.720566037735857,77.32384615384615
745.0,58.520833333333336,50.323232323232325,30.430833333333336,25.413232323232325
746.0,45.74545454545454,52.24390243902439,33.165454545454544,30.823902439024387
747.0,42.0,102.74285714285715,28.98,84.76285714285714
748.0,44.15584415584416,97.14285714285714,27.155844155844157,80.14285714285714
749.0,40.25974025974026,88.57142857142857,24.759740259740262,73.07142857142857
750.0,37.857142857142854,41.228070175438596,24.607142857142854,29.478070175438596
751.0,57.03225806451613,57.26315789473684,39.35225806451613,40.94315789473684
752.0,46.588235294117645,60.21052631578947,30.748235294117645,43.05052631578947
753.0,54.0,62.94736842105264,32.94,45.00736842105263
754.0,56.0,70.73684210526316,34.16,50.57684210526317
755.0,49.974683544303794,67.45454545454545,30.234683544303795,45.19454545454545
756.0,46.405063291139236,62.63636363636363,28.075063291139237,41.96636363636363
757.0,52.3076923076923,49.00000000000001,31.9076923076923,29.400000000000006
758.0,60.15384615384615,56.35,36.69384615384615,33.81
759.0,45.78313253012048,49.35064935064935,26.783132530120483,30.35064935064935
760.0,0.0,44.15584415584416,-0.0,27.155844155844157
761.0,0.0,57.142857142857146,-0.0,39.142857142857146
762.0,0.0,0.0,-0.0,-0.0
763.0,0.0,0.0,-0.0,-0.0
764.0,0.0,0.0,0.0,0.0
765.0,0.0,0.0,0.0,0.0
766.0,0.0,0.0,0.0,0.0
767.0,0.0,0.0,0.0,0.0
768.0,0.0,0.0,0.0,0.0
769.0,0.0,0.0,0.0,0.0
770.0,0.0,0.0,0.0,0.0
771.0,0.0,0.0,0.0,0.0
772.0,0.0,0.0,0.0,0.0
773.0,0.0,0.0,0.0,0.0
774.0,102.0495867768595,0.0,40.3095867768595,0.0
775.0,98.19875776397515,99.9342105263158,19.148757763975155,23.984210526315792
776.0,59.733333333333334,48.099378881987576,10.453333333333333,9.379378881987577
777.0,56.654545454545456,83.55279503105591,9.914545454545454,16.292795031055903
778.0,83.75510204081633,76.0,22.195102040816323,23.560000000000002
779.0,88.28776978417267,77.06122448979592,26.927769784172668,20.421224489795918
780.0,83.05035971223022,72.48979591836735,25.33035971223022,19.209795918367348
781.0,80.43478260869566,80.43478260869566,24.934782608695656,24.934782608695656
782.0,97.21739130434783,89.73913043478261,30.13739130434783,27.819130434782608
783.0,103.09589041095892,96.02877697841726,27.83589041095891,29.28877697841726
784.0,86.32876712328768,106.44604316546763,23.308767123287673,32.466043165467624
785.0,73.3972602739726,58.15827338129496,19.817260273972607,17.73827338129496
786.0,79.21951219512195,72.91428571428571,30.49951219512195,34.63428571428571
787.0,94.69918699186992,87.16190476190476,36.45918699186992,41.40190476190477
788.0,88.592,93.70731707317073,33.222,36.077317073170725
789.0,82.7007299270073,75.36585365853658,26.050729927007303,29.015853658536578
790.0,88.736,104.23333333333333,33.276,41.693333333333335
791.0,87.68115942028986,100.83333333333333,27.18115942028986,40.33333333333333
792.0,90.43478260869566,86.61654135338345,28.034782608695657,29.016541353383452
793.0,86.6376811594203,93.56390977443608,26.857681159420295,31.343909774436085
794.0,65.33333333333333,70.55639097744361,20.25333333333333,23.63639097744361
795.0,132.93617021276594,68.97142857142858,39.216170212765945,20.691428571428574
796.0,114.12587412587412,166.8085106382979,32.525874125874125,88.40851063829788
797.0,138.9090909090909,195.06382978723406,39.58909090909091,103.38382978723405
798.0,132.0493827160494,120.05714285714286,25.0893827160494,36.01714285714286
799.0,118.24203821656052,117.34210526315789,25.422038216560523,28.162105263157883
800.0,139.3170731707317,138.9367088607595,25.07707317073171,29.17670886075949
801.0,131.85365853658536,131.49367088607596,23.733658536585352,27.613670886075965
802.0,114.4390243902439,112.0,20.599024390243898,21.840000000000003
803.0,134.9367088607595,122.2360248447205,28.3367088607595,23.836024844720498
804.0,120.37037037037037,129.13907284768212,22.870370370370367,31.639072847682115
805.0,122.0125786163522,128.47682119205297,25.0125786163522,31.476821192052967
806.0,123.27044025157232,130.76923076923077,25.270440251572325,28.769230769230774
807.0,112.98089171974522,118.34615384615384,24.29089171974522,26.036153846153837
808.0,120.19108280254777,127.67605633802818,25.841082802547774,37.02605633802817
809.0,127.3375796178344,135.26760563380282,27.3775796178344,39.22760563380281
810.0,114.19607843137256,129.64383561643837,26.836078431372556,35.003835616438366
811.0,110.0,110.75342465753424,25.849999999999994,29.903424657534245
812.0,113.4267515923567,111.99999999999999,24.38675159235669,33.03999999999999
813.0,110.95945945945945,108.81379310344828,28.849459459459453,29.923793103448276
814.0,99.89189189189189,110.45517241379311,25.971891891891886,30.37517241379311
815.0,100.66666666666667,101.34228187919463,25.16666666666667,25.84228187919463
816.0,112.88,109.18120805369128,28.22,27.841208053691275
817.0,114.92,111.15436241610739,28.730000000000004,28.344362416107387
818.0,94.20382165605096,94.10596026490066,20.25382165605096,23.055960264900662
819.0,91.0,87.81456953642385,27.299999999999997,21.51456953642385
820.0,81.6,81.3037037037037,24.479999999999997,26.4237037037037
821.0,83.59375,84.25196850393701,30.09375,30.751968503937007
822.0,84.21875,88.34645669291339,30.31875,32.24645669291339
823.0,78.76106194690266,78.0701754385965,34.26106194690266,33.57017543859649
824.0,71.68141592920354,71.05263157894737,31.18141592920354,30.55263157894737
825.0,67.40869565217392,65.33333333333333,28.64869565217392,28.093333333333327
826.0,79.07142857142857,69.21100917431193,34.79142857142857,31.491009174311927
827.0,73.89473684210526,70.3529411764706,31.774736842105263,34.47294117647059
828.0,64.45945945945945,40.285714285714285,40.60945945945945,19.135714285714286
829.0,66.1747572815534,70.32380952380953,32.0947572815534,33.40380952380953
830.0,64.03960396039605,62.91588785046728,31.699603960396047,29.255887850467282
831.0,78.5940594059406,77.21495327102804,38.9040594059406,35.904953271028035
832.0,74.13861386138613,75.81308411214954,36.698613861386136,35.25308411214954
833.0,77.33333333333333,69.6,32.09333333333333,27.839999999999996
834.0,61.607142857142854,67.5,27.107142857142854,27.0
835.0,82.92857142857143,65.93333333333334,36.48857142857143,26.373333333333335
836.0,91.88059701492537,88.1344537815126,30.32059701492537,35.69445378151261
837.0,109.61194029850746,105.14285714285714,36.171940298507465,42.58285714285714
838.0,114.44776119402987,109.781512605042,37.76776119402986,44.461512605042
839.0,95.40740740740742,104.99999999999999,31.007407407407413,29.39999999999999
840.0,92.72307692307692,88.35211267605634,32.453076923076914,25.62211267605634
841.0,95.81818181818181,86.8,32.57818181818181,26.04
842.0,113.85185185185183,97.35714285714288,37.00185185185184,29.20714285714287
843.0,95.14893617021276,88.45714285714286,28.068936170212766,26.537142857142854
844.0,83.77235772357723,89.6,32.25235772357723,29.119999999999997
845.0,81.45454545454545,79.64444444444445,23.21454545454545,25.884444444444448
846.0,107.63636363636363,105.24444444444445,30.676363636363632,34.20444444444445
847.0,99.81208053691275,102.44776119402985,25.452080536912746,33.80776119402985
848.0,78.87248322147651,80.95522388059702,20.112483221476516,26.715223880597016
849.0,112.55172413793102,117.86666666666666,30.951724137931024,29.466666666666654
850.0,108.84563758389261,98.0,27.755637583892607,20.090000000000003
851.0,136.74820143884892,135.47368421052633,41.70820143884892,32.513684210526336
852.0,124.08163265306122,124.27672955974843,32.88163265306122,25.476729559748435
853.0,126.34838709677419,130.96296296296296,28.428387096774188,24.882962962962964
854.0,112.52903225806452,103.44444444444444,25.319032258064524,19.654444444444437
855.0,109.43046357615894,98.0,26.810463576158938,18.620000000000005
856.0,96.40287769784173,88.74172185430463,29.40287769784173,21.74172185430463
857.0,96.0,80.0,33.6,22.4
858.0,54.92307692307693,47.638888888888886,19.223076923076924,13.338888888888889
859.0,61.64835164835165,55.56701030927835,33.59835164835165,28.617010309278353
860.0,60.0,60.0,40.8,31.2
861.0,83.875,35.75,57.035,18.59
862.0,110.56250000000001,47.125,75.1825,24.505
863.0,60.16438356164384,105.51351351351352,38.20438356164384,66.47351351351352
864.0,127.53424657534246,130.94594594594594,80.98424657534247,82.49594594594593
865.0,0.0,8.0,-0.0,3.0
866.0,19.369565217391305,68.82857142857142,10.459565217391305,44.73857142857142
867.0,135.03488372093022,345.34285714285716,18.90488372093023,224.47285714285715
868.0,148.44970414201183,150.9364161849711,23.009704142011827,20.376416184971106
869.0,125.25443786982248,127.35260115606937,19.41443786982248,17.192601156069372
870.0,109.2,110.69005847953217,21.840000000000003,16.05005847953217
871.0,110.70967741935483,94.28571428571429,24.909677419354836,15.085714285714289
872.0,116.52830188679245,119.47619047619048,23.888301886792448,19.116190476190482
873.0,111.84905660377359,97.71428571428571,22.92905660377359,15.63428571428571
874.0,103.70860927152317,82.85714285714286,25.408609271523176,16.15714285714286
875.0,88.70588235294117,79.54285714285714,28.385882352941174,23.862857142857145
876.0,88.70588235294117,79.54285714285714,28.385882352941174,23.862857142857145
877.0,76.5,71.4,24.479999999999997,21.42000000000001
878.0,83.58208955223881,67.17557251908397,27.582089552238813,23.17557251908397
879.0,74.28571428571429,69.61832061068702,24.885714285714293,24.01832061068702
880.0,96.0,105.65079365079364,34.56,39.09079365079364
881.0,97.69014084507042,104.125,28.330140845070417,37.485
882.0,78.4225352112676,94.25,22.7425352112676,33.93
883.0,87.39310344827587,100.2043795620438,24.033103448275867,31.564379562043797
884.0,79.3103448275862,83.94160583941606,21.810344827586206,26.441605839416056
885.0,78.26086956521739,75.52447552447552,24.26086956521739,21.52447552447552
886.0,27.24770642201835,25.38461538461538,12.39770642201835,7.234615384615381
887.0,0.0,0.0,0.0,0.0
888.0,0.0,0.0,0.0,0.0
889.0,65.03225806451613,64.61538461538461,14.63225806451613,31.015384615384612
890.0,120.0,84.76821192052981,24.0,20.768211920529808
891.0,98.01369863013699,84.6,26.46369863013699,21.14999999999999
892.0,92.93150684931507,80.21333333333334,25.091506849315067,20.05333333333334
893.0,69.58389261744966,62.638297872340424,17.74389261744966,18.478297872340427
894.0,108.78832116788321,90.04255319148936,34.268321167883215,26.562553191489364
895.0,89.5068493150685,78.95035460992908,24.16684931506849,23.290354609929082
896.0,63.75000000000001,48.65248226950354,28.050000000000004,14.35248226950354
897.0,69.86324786324785,40.666666666666664,28.993247863247852,20.536666666666665
898.0,95.46268656716418,119.27272727272727,31.502686567164183,60.23272727272727
899.0,69.07462686567165,86.3030303030303,22.794626865671646,43.5830303030303
900.0,46.16528925619835,46.142857142857146,18.23528925619835,17.072857142857146
901.0,75.92,63.13513513513514,37.96,28.095135135135138
902.0,85.29310344827586,117.35802469135803,35.82310344827586,69.82802469135802
903.0,80.69565217391305,121.85858585858585,25.015652173913047,61.538585858585854
904.0,92.29931972789116,97.82113821138212,24.459319727891156,37.661138211382124
905.0,92.02898550724638,100.0,28.528985507246375,36.5
906.0,97.10144927536231,105.51181102362204,30.101449275362313,38.511811023622045
907.0,127.83333333333333,132.75,35.79333333333332,47.790000000000006
908.0,121.61538461538461,142.40625,26.755384615384614,51.26625
909.0,111.19496855345912,111.02040816326529,22.794968553459114,29.420408163265293
910.0,89.16556291390727,91.09859154929579,21.845562913907273,26.418591549295783
911.0,5.714285714285714,6.19718309859155,2.1142857142857143,1.7971830985915496
912.0,28.571428571428573,0.0,20.571428571428573,-0.0
913.0000000000001,28.571428571428573,0.0,20.571428571428573,-0.0
914.0000000000001,28.571428571428573,0.0,20.571428571428573,-0.0
915.0000000000001,0.0,0.0,0.0,0.0
916.0000000000001,122.54794520547945,84.74193548387096,33.08794520547946,32.20193548387096
917.0000000000001,85.65925925925926,87.85401459854015,27.839259259259258,27.674014598540147
918.0000000000001,83.92592592592592,68.66666666666667,27.275925925925925,22.31666666666667
919.0000000000001,75.83333333333333,74.59016393442623,30.33333333333333,29.09016393442623
920.0000000000001,74.59016393442623,81.25,29.09016393442623,35.75
921.0000000000001,78.0,74.08849557522124,28.86,32.228495575221245
922.0000000000001,90.0,85.48672566371681,33.3,37.186725663716814
923.0000000000001,105.80152671755725,99.47368421052632,36.501526717557255,42.77368421052631
924.0000000000001,124.81751824817518,99.23076923076923,39.317518248175176,34.730769230769226
925.0000000000001,120.05369127516778,130.01574803149606,30.61369127516778,47.45574803149606
926.0000000000001,119.79865771812081,135.03937007874015,30.548657718120808,49.28937007874015
927.0000000000001,115.12582781456953,104.87074829931973,28.20582781456953,27.79074829931973
928.0000000000001,102.61437908496733,108.27586206896552,24.114379084967325,29.775862068965523
929.0000000000001,111.33333333333333,112.86896551724138,26.163333333333327,31.03896551724138
930.0000000000001,92.31645569620254,92.80794701986754,19.386455696202532,22.737947019867548
931.0000000000001,51.92052980132451,54.03973509933774,12.72052980132451,13.239735099337743
932.0000000000001,99.6923076923077,106.10526315789474,54.332307692307694,25.46526315789474
933.0000000000001,102.2439024390244,65.04827586206896,18.403902439024392,17.888275862068966
934.0000000000001,76.0,164.7398843930636,28.5,22.23988439306359
935.0000000000001,121.42011834319527,109.937106918239,18.820118343195276,22.53710691823899
936.0000000000001,136.09467455621302,144.65408805031447,21.094674556213022,29.65408805031447
937.0000000000001,169.1011235955056,176.0233918128655,18.601123595505612,25.523391812865498
938.0000000000001,194.92896174863387,184.98876404494382,16.568961748633853,20.348764044943835
939.0000000000001,192.82162162162163,179.9344262295082,14.461621621621617,15.294426229508218
940.0000000000001,169.47368421052633,169.47368421052633,8.47368421052633,8.47368421052633
941.0000000000001,178.20994475138122,184.88888888888889,16.929944751381214,10.168888888888887
942.0000000000001,194.43478260869566,174.73015873015873,15.55478260869566,9.61015873015873
943.0000000000001,194.43478260869566,174.73015873015873,15.55478260869566,9.61015873015873
944.0000000000001,183.6595744680851,169.53191489361703,11.019574468085125,10.171914893617014
945.0000000000001,142.85714285714286,148.57142857142858,22.85714285714286,18.571428571428584
946.0000000000001,135.78313253012047,136.3953488372093,23.083132530120466,19.0953488372093
947.0000000000001,122.94545454545455,124.93491124260355,21.515454545454546,19.364911242603554
948.0000000000001,107.48299319727892,93.49112426035504,28.482993197278915,14.491124260355036
949.0000000000001,20.82857142857143,14.698224852071005,6.248571428571429,2.2782248520710056
950.0000000000001,25.628571428571433,60.42603550295858,7.688571428571432,9.366035502958574
951.0000000000001,25.628571428571433,60.42603550295858,7.688571428571432,9.366035502958574
952.0000000000001,108.78832116788321,184.0,34.268321167883215,120.52000000000001
953.0000000000001,86.13333333333334,161.91304347826087,27.99333333333334,106.05304347826088
954.0000000000001,38.56410256410256,35.333333333333336,16.004102564102563,9.893333333333334
955.0000000000001,46.51546391752577,39.75,23.955463917525773,14.309999999999999
956.0000000000001,0.0,0.0,0.0,0.0
957.0000000000001,0.0,0.0,0.0,0.0
958.0000000000001,36.9655172413793,22.956521739130434,20.885517241379304,15.036521739130434
959.0000000000001,100.5,58.5391304347826,32.16,24.879130434782603
960.0000000000001,121.19117647058823,70.5913043478261,38.781176470588235,30.001304347826093
961.0000000000001,75.1937984496124,65.98639455782313,26.6937984496124,17.486394557823132
962.0000000000001,40.44827586206897,37.46938775510204,16.988275862068967,9.929387755102042
963.0000000000001,44.33734939759036,38.230088495575224,25.93734939759036,16.630088495575222
964.0000000000001,56.0,50.96629213483146,36.68,28.286292134831463
965.0000000000001,83.99999999999999,53.79775280898876,65.93999999999998,29.85775280898876
966.0000000000001,0.0,0.0,-0.0,-0.0
967.0000000000001,0.0,0.0,0.0,0.0
968.0000000000001,0.0,0.0,0.0,0.0
969.0000000000001,0.0,0.0,0.0,0.0
970.0000000000001,0.0,0.0,0.0,0.0
971.0000000000001,0.0,0.0,0.0,0.0
972.0000000000001,0.0,0.0,0.0,0.0
973.0000000000001,0.0,0.0,0.0,0.0
974.0000000000001,0.0,0.0,0.0,0.0
975.0000000000001,0.0,0.0,0.0,0.0
976.0000000000001,0.0,0.0,0.0,0.0
977.0000000000001,0.0,0.0,0.0,0.0
978.0000000000001,63.75862068965517,0.0,26.77862068965517,0.0
979.0000000000001,55.0,80.08,28.05,30.03
980.0000000000001,56.62921348314607,49.28,31.429213483146068,18.48
981.0000000000001,62.69662921348315,54.56,34.79662921348315,20.46
982.0000000000001,101.12359550561797,88.0,56.12359550561797,33.0
983.0000000000001,126.57534246575342,126.26086956521738,34.17534246575342,53.66086956521738
984.0000000000001,136.8,128.52941176470588,34.20000000000002,41.12941176470588
985.0000000000001,127.94736842105263,132.0,30.707368421052635,42.239999999999995
986.0000000000001,124.0,116.70588235294117,27.28,27.425882352941173
987.0000000000001,126.45569620253164,111.24183006535948,26.555696202531635,26.141830065359486
988.0000000000001,110.1744966442953,117.7748344370861,28.094496644295305,28.854834437086097
989.0000000000001,77.31543624161074,82.64900662251655,19.71543624161074,20.249006622516553
990.0000000000001,138.7248322147651,121.3907284768212,35.37483221476509,29.74072847682119
991.0000000000001,144.0,120.85714285714286,29.519999999999996,19.337142857142865
992.0000000000001,129.70186335403727,110.22619047619048,25.291863354037275,17.636190476190478
993.0000000000001,129.48101265822785,111.98765432098766,27.191012658227848,21.277654320987665
994.0000000000001,119.49090909090908,112.8,20.910909090909087,25.379999999999995
995.0000000000001,118.575,115.36708860759494,23.715000000000003,24.227088607594936
996.0000000000001,99.90909090909092,101.35443037974683,22.979090909090914,21.284430379746837
997.0000000000001,97.99999999999999,99.41772151898735,22.539999999999992,20.877721518987343
998.0000000000001,97.30263157894737,92.27272727272727,23.352631578947367,21.22272727272727
999.0000000000001,91.57894736842104,97.92207792207793,21.978947368421046,22.522077922077926
1000.0000000000001,91.66216216216216,86.89333333333333,23.832162162162163,21.72333333333333
1001.0000000000001,99.18620689655172,98.0,27.276206896551727,28.909999999999997
1002.0000000000001,101.99999999999999,98.66216216216218,26.00999999999999,25.65216216216217
1003.0000000000001,105.75,96.62937062937063,33.84,27.539370629370623
1004.0000000000001,82.5,75.38461538461539,26.4,21.484615384615388
1005.0000000000001,80.31496062992126,70.50359712230215,29.31496062992126,21.503597122302153
1006.0000000000001,92.6829268292683,82.01438848920863,35.6829268292683,25.014388489208628
1007.0000000000001,96.67605633802818,94.56716417910448,28.036056338028175,31.20716417910448
1008.0000000000001,98.16541353383458,93.61194029850746,32.88541353383458,30.891940298507464
1009.0000000000001,99.63636363636363,97.42222222222223,28.39636363636363,31.662222222222226
1010.0000000000001,107.61111111111111,102.17142857142858,30.13111111111111,30.651428571428582
1011.0000000000001,80.16666666666667,76.11428571428571,22.446666666666673,22.834285714285713
1012.0000000000001,5.546218487394958,3.6986301369863015,2.246218487394958,0.9986301369863013
1013.0000000000001,0.0,5.684210526315789,0.0,2.444210526315789
1014.0000000000001,0.0,0.0,0.0,-0.0
1015.0000000000001,0.0,13.114754098360656,0.0,9.114754098360656
1016.0000000000001,0.0,442.62295081967216,0.0,307.62295081967216
1017.0000000000001,157.11111111111111,291.40983606557376,43.99111111111111,202.52983606557376
1018.0000000000001,147.77777777777777,274.0983606557377,41.377777777777766,190.49836065573768
1019.0000000000001,125.85987261146497,135.11111111111111,27.059872611464968,43.91111111111111
1020.0000000000001,97.26388888888889,116.99259259259259,27.233888888888885,38.02259259259259
1021.0000000000001,106.19718309859157,85.92592592592591,30.79718309859156,16.325925925925915
1022.0000000000001,100.33802816901407,96.00000000000001,29.09802816901407,30.24000000000001
1023.0000000000001,93.88571428571429,81.5104895104895,28.165714285714287,23.230489510489505
1024.0,97.20930232558139,71.74825174825175,34.50930232558139,20.44825174825175
1025.0,93.47368421052632,82.77966101694915,31.31368421052632,33.939661016949145
1026.0,86.97674418604652,97.11711711711712,30.876744186046515,43.21711711711712
1027.0,108.32558139534883,120.95495495495496,38.45558139534883,53.82495495495496
1028.0,67.27659574468085,75.95,19.846595744680847,30.380000000000003
1029.0,115.2,161.2,25.92,64.47999999999999
1030.0,126.82926829268293,126.3157894736842,22.829268292682926,30.315789473684205
1031.0,120.0952380952381,116.4,19.215238095238107,23.28
1032.0,147.57647058823528,159.21951219512195,22.136470588235284,28.65951219512195
1033.0,147.70114942528735,153.89221556886227,19.201149425287355,25.39221556886227
1034.0,153.01149425287358,147.16167664670658,19.89149425287357,24.281676646706586
1035.0,137.11731843575419,128.0,14.397318435754187,14.719999999999999
1036.0,131.61627906976744,133.11864406779662,18.426279069767446,15.308644067796621
1037.0,135.40350877192984,131.63313609467457,19.63350877192984,20.403136094674565
1038.0,134.56626506024097,129.289156626506,22.876265060240968,21.97915662650601
1039.0,128.57142857142858,130.12048192771084,20.571428571428584,22.12048192771084
1040.0,127.65269461077844,124.13333333333334,21.062694610778436,21.723333333333343
1041.0,131.31736526946108,127.6969696969697,21.667365269461072,22.34696969696971
1042.0,131.31736526946108,127.6969696969697,21.667365269461072,22.34696969696971
1043.0,0.0,0.0,0.0,0.0
1044.0,0.0,0.0,0.0,0.0
1045.0,124.22360248447205,122.69938650306749,24.223602484472053,22.699386503067487
1046.0,119.49677419354839,123.57692307692308,26.88677419354839,27.18692307692308
1047.0,112.90322580645162,112.17948717948718,25.403225806451616,24.679487179487182
1048.0,89.79591836734694,86.84210526315789,23.795918367346943,20.84210526315789
1049.0,70.06802721088435,67.76315789473684,18.568027210884352,16.263157894736835
1050.0,72.23703703703704,72.67226890756302,23.477037037037043,29.43226890756302
1051.0,75.25190839694656,76.01739130434783,25.961908396946562,32.307391304347824
1052.0,62.44961240310077,62.666666666666664,22.16961240310077,26.946666666666665
1053.0,64.448,61.05982905982906,24.167999999999992,25.339829059829064
1054.0,75.0,102.12765957446808,27.0,54.12765957446808
1055.0,96.09375,130.85106382978722,34.59375,69.35106382978722
1056.0,107.03125,145.74468085106383,38.53125,77.24468085106383
1057.0,94.9261744966443,104.448,24.206174496644294,39.16799999999999
1058.0,92.48,106.624,23.120000000000005,39.983999999999995
1059.0,108.14864864864865,105.14074074074074,28.118648648648644,34.17074074074074
1060.0,110.19867549668874,113.77777777777777,26.998675496688733,36.977777777777774
1061.0,108.10526315789474,105.33333333333333,25.945263157894743,29.493333333333325
1062.0,112.66666666666667,117.56521739130434,24.786666666666676,36.44521739130434
1063.0,83.6923076923077,90.89855072463769,18.412307692307692,28.178550724637688
1064.0,92.77852348993288,77.98675496688742,23.658523489932875,19.106754966887415
1065.0,131.91946308724832,110.88741721854305,33.639463087248316,27.16741721854305
1066.0,105.29032258064515,115.55555555555556,23.69032258064516,27.15555555555555
1067.0,121.66037735849056,124.0,24.940377358490565,34.72
1068.0,111.10843373493977,108.31788079470199,18.888433734939767,26.53788079470199
1069.0,129.74025974025975,119.02097902097903,29.84025974025974,33.92097902097903
1070.0,149.59006211180125,137.69127516778522,29.170062111801244,35.11127516778522
1071.0,133.8,146.6711409395973,20.070000000000007,37.40114093959731
1072.0,124.8,136.80536912751677,18.72,34.88536912751677
1073.0,111.75460122699387,128.81927710843374,20.67460122699387,21.899277108433736
1074.0,109.47368421052632,109.36708860759494,15.87368421052632,22.96708860759493
1075.0,113.16666666666667,125.24050632911393,18.10666666666667,26.30050632911393
1076.0,113.95209580838323,98.54430379746834,18.80209580838323,20.69430379746835
1077.0,112.66666666666667,100.30967741935483,21.406666666666666,22.569677419354832
1078.0,103.2051282051282,103.87096774193549,22.705128205128204,23.370967741935488
1079.0,98.07692307692308,98.70967741935483,21.57692307692308,22.209677419354833
1080.0,88.52830188679245,87.81818181818181,18.148301886792453,20.19818181818181
1081.0,83.92356687898089,75.32885906040268,18.043566878980897,19.20885906040268
1082.0,81.28,88.64429530201343,20.32,22.604295302013426
1083.0,83.45454545454547,81.23684210526316,19.194545454545462,19.496842105263163
1084.0,80.75,74.97986577181209,22.61,19.119865771812087
1085.0,86.13333333333334,74.97986577181209,27.99333333333334,19.119865771812087
1086.0,69.5111111111111,60.51006711409396,22.591111111111104,15.430067114093958
1087.0,82.16296296296296,83.94630872483222,26.702962962962964,21.406308724832222
1088.0,64.4,78.624,22.540000000000006,29.483999999999995
1089.0,72.18461538461538,88.128,25.264615384615382,33.048
1090.0,89.66101694915254,108.0,36.76101694915254,45.9
1091.0,70.73267326732673,61.03030303030303,35.01267326732673,20.75030303030303
1092.0,72.0377358490566,79.32743362831859,33.8577358490566,34.50743362831859
1093.0,82.24137931034483,74.86725663716814,34.54137931034482,32.56725663716814
1094.0,119.70689655172416,108.97345132743362,50.27689655172415,47.40345132743362
1095.0,87.12121212121212,113.4453781512605,29.621212121212125,45.9453781512605
1096.0,74.82,74.01492537313433,37.41,24.42492537313433
1097.0,6.02,5.955223880597015,3.01,1.9652238805970148
1098.0,6.02,5.955223880597015,3.01,1.9652238805970148
1099.0,52.55555555555556,60.677419354838705,24.175555555555558,23.057419354838707
1100.0,70.66666666666666,60.23300970873787,35.68666666666666,29.213009708737868
1101.0,70.72380952380954,87.22916666666667,33.59380952380953,45.359166666666674
1102.0,46.55238095238095,57.416666666666664,22.11238095238095,29.856666666666666
1103.0,32.926829268292686,31.03448275862069,19.426829268292686,17.53448275862069
1104.0,55.60919540229885,37.775280898876396,31.41919540229885,20.965280898876397
1105.0,53.0958904109589,41.842696629213485,33.715890410958906,23.222696629213484
1106.0,59.65217391304348,56.36842105263158,39.07217391304348,34.94842105263158
1107.0,59.36,49.349999999999994,37.099999999999994,29.609999999999996
1108.0,59.719298245614034,49.95,42.69929824561403,29.970000000000002
1109.0,40.35087719298246,33.75,28.85087719298246,20.25
1110.0,0.0,0.0,0.0,0.0
1111.0,56.14035087719298,0.0,40.14035087719298,-0.0
1112.0,121.42857142857143,0.0,87.42857142857143,-0.0
1113.0,57.142857142857146,76.19047619047619,41.142857142857146,60.19047619047619
1114.0,60.16,47.111111111111114,45.12,30.151111111111113
1115.0,0.0,33.333333333333336,-0.0,21.333333333333336
1116.0,0.0,0.0,0.0,0.0
1117.0,0.0,0.0,0.0,0.0
1118.0,0.0,0.0,0.0,0.0
1119.0,0.0,0.0,0.0,0.0
1120.0,0.0,0.0,0.0,0.0
1121.0,0.0,0.0,0.0,0.0
1122.0,0.0,0.0,0.0,0.0
1123.0,0.0,0.0,0.0,0.0
1124.0,0.0,0.0,0.0,0.0
1125.0,0.0,0.0,0.0,0.0
1126.0,112.59574468085107,105.65625,33.215744680851074,38.036249999999995
1127.0,88.33333333333333,88.125,24.733333333333327,31.725
1128.0,100.33587786259542,86.98507462686567,34.615877862595426,28.705074626865667
1129.0,90.12949640287769,81.46564885496183,27.48949640287769,28.105648854961828
1130.0,71.17985611510791,72.56488549618321,21.70985611510791,25.034885496183207
1131.0,86.390625,65.68503937007874,31.100625,23.97503937007874
1132.0,88.171875,67.03937007874016,31.741875,24.469370078740162
1133.0,99.66197183098593,76.4776119402985,28.90197183098593,25.2376119402985
1134.0,71.07042253521126,54.53731343283582,20.610422535211264,17.997313432835824
1135.0,74.55172413793103,89.05263157894737,31.31172413793103,38.29263157894737
1136.0,84.96551724137932,48.63157894736842,35.685517241379316,20.91157894736842
1137.0,81.87387387387388,51.63636363636363,36.43387387387388,26.076363636363634
1138.0,72.046875,75.02752293577981,25.936875,34.13752293577981
1139.0,63.41176470588235,67.70689655172414,25.68176470588235,28.43689655172414
1140.0,68.3529411764706,72.98275862068965,27.682941176470592,30.652758620689653
1141.0,64.16129032258064,63.17355371900826,24.38129032258064,24.953553719008262
1142.0,50.16393442622951,49.83050847457627,19.56393442622951,20.43050847457627
1143.0,62.61946902654868,43.42372881355932,27.239469026548676,17.80372881355932
1144.0,52.75675675675676,68.21505376344086,23.476756756756757,36.495053763440865
1145.0,65.8688524590164,78.16822429906541,25.688852459016395,36.348224299065414
1146.0,70.83333333333333,63.22314049586777,24.08333333333333,24.973140495867767
1147.0,57.50000000000001,51.32231404958678,19.550000000000004,20.27231404958678
1148.0,43.5609756097561,34.8448275862069,16.7709756097561,14.634827586206896
1149.0,0.0,0.0,-0.0,-0.0
1150.0,0.0,0.0,-0.0,-0.0
1151.0,0.0,0.0,0.0,0.0
1152.0,0.0,0.0,0.0,0.0
1153.0,0.0,0.0,0.0,0.0
1154.0,0.0,0.0,0.0,0.0
1155.0,0.0,0.0,0.0,0.0
1156.0,0.0,0.0,0.0,0.0
1157.0,0.0,0.0,0.0,0.0
1158.0,0.0,0.0,0.0,0.0
1159.0,0.0,0.0,0.0,0.0
1160.0,0.0,0.0,0.0,0.0
1161.0,0.0,0.0,0.0,0.0
1162.0,0.0,0.0,0.0,0.0
1163.0,0.0,0.0,0.0,0.0
1164.0,0.0,0.0,0.0,0.0
1165.0,0.0,0.0,0.0,0.0
1166.0,0.0,0.0,0.0,0.0
1167.0,0.0,0.0,0.0,0.0
1168.0,0.0,0.0,0.0,0.0
1169.0,0.0,0.0,0.0,0.0
1170.0,0.0,0.0,0.0,0.0
1171.0,0.0,0.0,0.0,0.0
1172.0,0.0,0.0,0.0,0.0
1173.0,0.0,0.0,0.0,0.0
1174.0,0.0,0.0,0.0,0.0
1175.0,0.0,0.0,0.0,0.0
1176.0,0.0,0.0,0.0,0.0
1177.0,0.0,0.0,0.0,0.0
1178.0,0.0,0.0,0.0,0.0
1179.0,0.0,0.0,0.0,0.0
1180.0,0.0,0.0,0.0,0.0
1181.0,0.0,0.0,0.0,0.0
1182.0,0.0,0.0,0.0,0.0
1183.0,0.0,0.0,0.0,0.0
1184.0,0.0,0.0,0.0,0.0
1185.0,0.0,0.0,0.0,0.0
1186.0,0.0,0.0,0.0,0.0
1187.0,0.0,0.0,0.0,0.0
1188.0,92.625,76.80916030534351,25.935000000000002,26.49916030534351
1189.0,54.95454545454545,86.80645161290323,30.774545454545454,32.98645161290323
1190.0,110.38356164383562,124.87096774193549,29.80356164383562,47.450967741935486
1191.0,99.20547945205479,112.2258064516129,26.785479452054787,42.6458064516129
1192.0,99.06474820143883,91.87500000000001,30.214748201438837,25.72500000000001
1193.0,99.44117647058823,98.43356643356644,31.821176470588227,28.053566433566445
1194.0,102.0,93.2027972027972,32.64,26.5627972027972
1195.0,102.53521126760563,96.0,29.735211267605635,28.799999999999997
1196.0,103.35570469798658,88.73239436619718,26.35570469798658,25.732394366197184
1197.0,100.74125874125875,105.59154929577464,28.711258741258746,30.621549295774642
1198.0,93.2027972027972,97.69014084507042,26.5627972027972,28.330140845070417
1199.0,109.65034965034967,114.92957746478872,31.250349650349662,33.32957746478873
1200.0,99.0,90.10958904109589,21.78,24.329589041095886
1201.0,102.3529411764706,91.36986301369863,24.052941176470597,24.66986301369863
1202.0,73.67375886524823,71.13157894736842,21.733758865248234,17.071578947368423
1203.0,100.42105263157893,126.22900763358778,24.101052631578938,43.54900763358778
1204.0,104.6153846153846,134.9618320610687,23.015384615384605,46.561832061068685
1205.0,97.86486486486487,91.55263157894737,25.44486486486487,21.97263157894737
1206.0,93.36486486486487,94.61842105263158,24.274864864864867,22.70842105263158
1207.0,90.71621621621621,91.9342105263158,23.586216216216215,22.06421052631579
1208.0,101.24503311258277,107.51351351351352,24.805033112582777,27.953513513513514
1209.0,96.61538461538461,108.85333333333334,21.255384615384614,27.21333333333334
1210.0,105.90967741935484,118.56,23.829677419354837,29.64
1211.0,104.65822784810126,98.4774193548387,21.978227848101255,22.15741935483871
1212.0,110.01242236024845,98.61437908496733,21.45242236024845,23.174379084967327
1213.0,101.35031847133757,101.92,21.79031847133757,25.480000000000004
1214.0,94.20382165605096,94.73333333333333,20.25382165605096,23.683333333333337
1215.0,94.71428571428572,93.42666666666665,21.784285714285716,23.356666666666655
1216.0,82.05128205128206,86.48648648648648,18.051282051282058,22.486486486486484
1217.0,70.06802721088435,69.5945945945946,18.568027210884352,18.094594594594597
1218.0,69.89147286821705,72.74418604651163,24.811472868217052,25.824186046511628
1219.0,65.89312977099236,61.76744186046513,22.733129770992363,21.927441860465123
1220.0,69.33333333333333,62.51162790697674,25.65333333333333,22.19162790697674
1221.0,58.666666666666664,72.93023255813954,21.706666666666663,25.890232558139537
1222.0,26.90909090909091,36.67256637168141,10.629090909090909,15.952566371681414
1223.0,0.0,0.0,-0.0,-0.0
1224.0,0.0,0.0,-0.0,-0.0
1225.0,0.0,0.0,0.0,0.0
1226.0,0.0,0.0,0.0,0.0
1227.0,0.0,0.0,0.0,0.0
1228.0,0.0,0.0,0.0,0.0
1229.0,0.0,0.0,0.0,0.0
1230.0,0.0,0.0,0.0,0.0
1231.0,0.0,0.0,0.0,0.0
1232.0,0.0,0.0,0.0,0.0
1233.0,0.0,0.0,0.0,0.0
1234.0,77.89090909090909,0.0,35.05090909090909,0.0
1235.0,0.0,0.0,-0.0,-0.0
1236.0,0.0,0.0,-0.0,-0.0
1237.0,0.0,0.0,0.0,0.0
1238.0,0.0,0.0,0.0,0.0
1239.0,0.0,0.0,0.0,0.0
1240.0,0.0,0.0,0.0,0.0
1241.0,0.0,0.0,0.0,0.0
1242.0,0.0,0.0,0.0,0.0
1243.0,0.0,0.0,0.0,0.0
1244.0,130.3186813186813,67.9186046511628,11.72868131868131,9.508604651162798
1245.0,175.23076923076923,91.32558139534885,15.770769230769218,12.785581395348842
1246.0,133.3846153846154,135.6046511627907,12.004615384615391,18.984651162790698
1247.0,133.3846153846154,135.6046511627907,12.004615384615391,18.984651162790698
1248.0,127.85057471264368,127.21978021978022,16.620574712643673,11.449780219780223
1249.0,129.47976878612718,125.13966480446928,17.47976878612718,13.139664804469277
1250.0,125.74850299401197,120.6896551724138,20.74850299401197,15.689655172413794
1251.0,0.0,0.0,-0.0,-0.0
1252.0,0.0,0.0,-0.0,-0.0
1253.0,0.0,0.0,0.0,0.0
1254.0,0.0,0.0,0.0,0.0
1255.0,168.69767441860466,103.3953488372093,23.61767441860465,14.475348837209296
1256.0,150.41420118343194,85.60439560439562,23.314201183431948,7.704395604395614
1257.0,129.76331360946745,121.79190751445087,20.11331360946744,16.441907514450875
1258.0,127.3491124260355,119.52601156069365,19.739112426035504,16.136011560693646
1259.0,124.59880239520957,115.5606936416185,20.558802395209568,15.600693641618506
1260.0,132.47560975609755,120.65895953757226,23.84560975609756,16.288959537572254
1261.0,110.92957746478875,115.88439306358381,32.169577464788745,15.64439306358382
1262.0,103.35,91.0807453416149,20.669999999999987,17.760745341614907
1263.0,99.26451612903227,99.46583850931675,22.334516129032266,19.39583850931676
1264.0,98.76729559748428,91.16981132075472,20.247295597484282,18.689811320754714
1265.0,98.76729559748428,91.16981132075472,20.247295597484282,18.689811320754714
1266.0,81.69934640522875,80.64516129032258,19.199346405228752,18.145161290322577
1267.0,80.65306122448979,70.60645161290323,21.37306122448979,15.88645161290323
1268.0,88.51094890510949,92.39189189189189,27.880948905109484,24.021891891891883
1269.0,84.24489795918367,90.04026845637584,22.324897959183673,22.960268456375843
1270.0,88.81632653061224,92.44444444444444,23.536326530612243,21.724444444444444
1271.0,90.66666666666667,90.66666666666667,24.02666666666667,21.306666666666672
1272.0,85.63013698630137,90.9548387096774,23.120136986301368,20.46483870967741
1273.0,77.46666666666667,50.34426229508197,25.17666666666667,19.634262295081967
1274.0,75.6,49.131147540983605,24.569999999999993,19.161147540983606
1275.0,65.19354838709677,87.8360655737705,24.773548387096767,34.2560655737705
1276.0,0.0,0.0,-0.0,-0.0
1277.0,0.0,0.0,-0.0,-0.0
1278.0,0.0,0.0,0.0,0.0
1279.0,0.0,0.0,0.0,0.0
1280.0,0.0,0.0,0.0,0.0
1281.0,0.0,0.0,0.0,0.0
1282.0,0.0,0.0,0.0,0.0
1283.0,0.0,0.0,0.0,0.0
1284.0,0.0,0.0,0.0,0.0
1285.0,0.0,0.0,0.0,0.0
1286.0,0.0,0.0,0.0,0.0
1287.0,130.36649214659687,31.288343558282207,5.866492146596869,5.788343558282207
1288.0,212.93193717277487,51.104294478527606,9.581937172774872,9.454294478527608
1289.0,187.00507614213197,129.26315789473685,2.8050761421319805,6.463157894736852
1290.0,149.63440860215053,152.46315789473684,10.474408602150532,7.623157894736835
1291.0,160.2857142857143,147.51578947368418,14.425714285714292,7.375789473684193
1292.0,147.54098360655738,145.16129032258064,12.540983606557376,10.16129032258064
1293.0,145.81005586592178,145.81005586592178,15.310055865921782,15.310055865921782
1294.0,146.62921348314606,144.1988950276243,16.12921348314606,13.698895027624303
1295.0,133.7078651685393,131.49171270718233,14.707865168539314,12.49171270718233
1296.0,137.08333333333334,131.7032967032967,21.933333333333337,11.853296703296706
1297.0,139.03571428571428,123.3076923076923,22.24571428571427,11.097692307692313
1298.0,146.0952380952381,124.48351648351648,23.375238095238103,11.20351648351648
1299.0,144.05194805194805,147.1529411764706,33.131948051948044,22.072941176470593
1300.0,119.02597402597402,121.58823529411765,27.375974025974017,18.238235294117658
1301.0,101.74418604651163,107.36196319018404,14.24418604651163,19.861963190184042
1302.0,101.15606936416185,103.55029585798816,13.656069364161851,16.05029585798816
1303.0,95.95375722543352,98.22485207100591,12.95375722543352,15.224852071005913
1304.0,80.5,81.83720930232558,12.879999999999995,11.45720930232558
1305.0,72.06521739130434,61.0,38.915217391304346,9.149999999999999
1306.0,98.82352941176471,74.8936170212766,31.623529411764707,22.0936170212766
1307.0,126.3225806451613,127.14285714285712,28.42258064516129,47.04285714285713
1308.0,115.78048780487805,135.51898734177215,20.84048780487805,28.458987341772144
1309.0,117.44186046511628,127.84810126582279,16.441860465116278,26.84810126582279
1310.0,109.22155688622755,113.5632183908046,18.021556886227543,14.763218390804596
1311.0,113.77245508982035,109.19540229885058,18.772455089820355,14.195402298850581
1312.0,114.88095238095238,113.52941176470588,18.38095238095238,17.029411764705884
1313.0,119.0,122.4,19.040000000000006,18.36
1314.0,111.49700598802396,109.49152542372882,18.397005988023963,12.591525423728811
1315.0,93.375,105.54913294797687,18.674999999999997,14.249132947976875
1316.0,89.80952380952381,102.38150289017341,14.369523809523812,13.821502890173406
1317.0,95.42514970059881,98.65142857142857,15.745149700598802,12.331428571428575
1318.0,97.72455089820359,101.02857142857142,16.124550898203594,12.62857142857142
1319.0,94.27544910179641,97.46285714285715,15.555449101796412,12.182857142857145
1320.0,95.15337423312883,101.09826589595376,17.603374233128832,13.648265895953756
1321.0,102.75151515151515,103.8,17.981515151515154,15.569999999999993
1322.0,99.87261146496816,98.31325301204818,21.472611464968153,16.713253012048185
1323.0,81.12582781456953,79.19254658385093,19.875827814569533,15.442546583850927
1324.0,52.17391304347826,47.05882352941177,16.173913043478258,11.058823529411768
1325.0,68.07272727272728,49.371428571428574,30.63272727272728,14.811428571428571
1326.0,17.963636363636365,13.028571428571427,8.083636363636364,3.9085714285714275
1327.0,127.8688524590164,0.0,88.8688524590164,-0.0
1328.0,127.8688524590164,0.0,88.8688524590164,-0.0
1329.0,58.87179487179487,34.0377358490566,35.91179487179487,15.997735849056603
1330.0,0.0,0.0,0.0,0.0
1331.0,0.0,0.0,0.0,0.0
1332.0,0.0,0.0,0.0,0.0
1333.0,0.0,0.0,0.0,0.0
1334.0,0.0,0.0,0.0,0.0
1335.0,0.0,0.0,0.0,0.0
1336.0,0.0,0.0,0.0,0.0
1337.0,0.0,0.0,0.0,0.0
1338.0,0.0,0.0,0.0,0.0
1339.0,0.0,0.0,0.0,0.0
1340.0,142.63565891472868,0.0,50.63565891472868,-0.0
1341.0,187.5968992248062,0.0,66.59689922480621,-0.0
1342.0,88.69354838709677,92.55223880597015,33.70354838709677,30.54223880597015
1343.0,86.61417322834646,85.27131782945736,31.61417322834646,30.27131782945736
1344.0,85.6,82.94573643410853,32.099999999999994,29.445736434108525
1345.0,32.55118110236221,29.564516129032253,11.881181102362206,11.234516129032254
1346.0,98.23728813559322,168.73043478260868,69.25728813559321,71.71043478260869
1347.0,81.56129032258065,114.41739130434784,18.351290322580645,48.62739130434784
1348.0,78.87898089171975,83.85,16.958980891719747,16.769999999999996
1349.0,73.37579617834395,78.0,15.775796178343946,15.600000000000001
1350.0,27.012820512820515,27.759493670886076,5.942820512820514,5.829493670886077
1351.0,110.18978102189782,33.56962025316456,34.70978102189781,7.049620253164559
1352.0,36.481751824817515,30.39240506329114,11.491751824817516,6.382405063291138
1353.0,123.54929577464789,56.56375838926174,79.68929577464789,14.423758389261742
1354.0,16.585987261146496,11.822222222222223,3.5659872611464962,3.8422222222222224
1355.0,28.875,19.142857142857142,21.945,5.072857142857142
1356.0,34.375,22.789115646258505,26.125,6.039115646258505
1357.0,112.7578947368421,137.33333333333334,59.1978947368421,87.89333333333335
1358.0,101.52777777777777,285.0,28.427777777777777,188.1
1359.0,87.30864197530865,83.6923076923077,16.588641975308647,18.412307692307692
1360.0,101.81818181818181,149.46107784431138,34.61818181818181,24.66107784431138
1361.0,121.73913043478261,122.5,23.73913043478261,24.5
1362.0,114.90683229813665,115.625,22.40683229813665,23.125
1363.0,120.4968944099379,121.25,23.496894409937894,24.25
1364.0,105.66037735849056,106.32911392405063,21.660377358490564,22.32911392405063
1365.0,99.35064935064935,93.86503067484662,22.85064935064935,17.365030674846622
1366.0,111.61290322580645,116.10738255033557,25.11290322580645,29.607382550335572
1367.0,116.9875,130.751677852349,23.397499999999994,33.341677852348994
1368.0,118.33962264150944,123.16981132075472,24.259622641509438,25.249811320754716
1369.0,121.275,127.01886792452831,24.25500000000001,26.038867924528304
1370.0,128.0125,134.0754716981132,25.602499999999992,27.4854716981132
1371.0,85.03529411764706,82.88198757763975,12.755294117647054,16.16198757763975
1372.0,97.28888888888889,165.6273291925466,31.61888888888889,32.297329192546584
1373.0,114.4186046511628,140.26315789473685,16.01860465116279,33.663157894736855
1374.0,131.0532544378698,129.5056179775281,20.313254437869816,14.245617977528084
1375.0,131.075,126.17341040462428,26.21499999999999,17.033410404624277
1376.0,123.41104294478528,129.62285714285716,22.83104294478528,16.202857142857155
1377.0,120.35087719298245,123.10344827586206,17.450877192982446,16.00344827586207
1378.0,105.53757225433526,100.816091954023,14.247572254335253,13.106091954023
1379.0,112.02312138728324,107.01149425287356,15.123121387283234,13.911494252873567
1380.0,105.20231213872832,44.827586206896555,14.202312138728317,5.827586206896555
1381.0,115.73033707865169,134.640522875817,12.730337078651687,31.640522875817
1382.0,156.87500000000003,125.5,18.825000000000017,12.549999999999997
1383.0,123.08379888268156,124.51764705882353,12.923798882681567,18.677647058823524
1384.0,122.89010989010988,115.31395348837209,11.060109890109885,16.14395348837209
1385.0,120.50526315789473,118.04651162790698,6.025263157894727,16.526511627906984
1386.0,119.38947368421053,116.95348837209302,5.969473684210527,16.37348837209302
1387.0,112.83422459893048,116.57458563535911,7.334224598930476,11.074585635359114
1388.0,107.51351351351352,103.8586956521739,8.063513513513513,8.30869565217391
1389.0,101.3409090909091,100.8913043478261,12.160909090909087,8.0713043478261
1390.0,103.44444444444444,105.32608695652173,10.344444444444449,8.42608695652173
1391.0,102.87292817679558,110.11363636363636,9.772928176795588,13.213636363636354
1392.0,110.38251366120218,116.0919540229885,9.382513661202182,15.091954022988503
1393.0,114.20765027322405,120.11494252873563,9.707650273224047,15.614942528735625
1394.0,97.58241758241758,107.48603351955308,8.78241758241758,11.286033519553072
1395.0,99.3103448275862,105.1685393258427,12.9103448275862,11.568539325842707
1396.0,104.91428571428571,106.26506024096386,13.114285714285714,18.06506024096386
1397.0,96.92307692307692,109.28571428571429,8.723076923076917,17.485714285714295
1398.0,95.24719101123596,101.41379310344827,10.47719101123596,13.183793103448266
1399.0,94.18888888888888,101.41379310344827,9.418888888888887,13.183793103448266
1400.0,92.0111111111111,99.06896551724138,9.201111111111103,12.878965517241383
1401.0,100.58479532163743,104.24242424242425,14.58479532163743,18.24242424242425
1402.0,100.51764705882353,110.19047619047619,15.07764705882353,17.630476190476188
1403.0,99.36842105263158,109.57142857142857,14.408421052631581,17.531428571428563
1404.0,96.84848484848486,105.38011695906432,16.948484848484853,15.28011695906433
1405.0,101.75438596491227,104.81927710843374,14.754385964912274,17.819277108433738
1406.0,98.21428571428571,99.39759036144578,15.714285714285708,16.89759036144578
1407.0,100.84883720930233,109.41818181818182,14.118837209302328,19.148181818181826
1408.0,95.72093023255815,103.85454545454546,13.400930232558153,18.174545454545452
1409.0,103.15789473684211,109.28571428571429,14.957894736842107,17.485714285714295
1410.0,112.02312138728324,110.83333333333333,15.123121387283234,17.733333333333334
1411.0,105.77245508982035,121.97647058823529,17.45245508982036,18.29647058823528
1412.0,98.05988023952096,110.48275862068965,16.17988023952097,14.362758620689647
1413.0,108.7185628742515,100.25287356321839,17.938562874251502,13.032873563218388
1414.0,108.10778443113773,105.76829268292683,17.837784431137734,19.038292682926823
1415.0,111.09433962264151,119.6,22.77433962264152,23.919999999999987
1416.0,95.53459119496856,98.8125,19.584591194968553,19.762500000000003
1417.0,96.78260869565217,100.73291925465838,18.872608695652175,19.64291925465838
1418.0,120.18867924528301,123.54037267080746,24.638679245283015,24.090372670807454
1419.0,136.48192771084337,142.69767441860466,23.201927710843364,19.977674418604664
1420.0,133.121387283237,137.75862068965517,17.971387283236993,17.90862068965518
1421.0,122.76646706586827,113.20689655172414,20.256467065868264,14.716896551724147
1422.0,126.47058823529412,131.09756097560975,18.970588235294116,23.597560975609753
1423.0,124.34831460674157,126.58333333333333,13.678314606741566,20.25333333333333
1424.0,122.0561797752809,124.25,13.4261797752809,19.879999999999995
1425.0,139.76608187134502,142.26190476190476,20.266081871345023,22.76190476190476
1426.0,140.80459770114942,151.78571428571428,18.30459770114942,24.285714285714278
1427.0,131.1764705882353,123.20441988950276,19.676470588235304,11.70441988950276
1428.0,128.29090909090908,121.72375690607734,22.45090909090908,11.563756906077344
1429.0,117.92307692307692,132.17751479289942,10.613076923076918,20.487514792899418
1430.0,110.88770053475936,122.08695652173913,7.207700534759354,9.766956521739132
1431.0,111.40106951871658,122.65217391304348,7.241069518716586,9.81217391304348
1432.0,123.52941176470588,122.87234042553192,8.029411764705884,7.372340425531917
1433.0,119.48663101604278,123.70212765957447,7.76663101604278,7.422127659574471
1434.0,117.58579881656804,127.47540983606558,18.225798816568044,10.83540983606558
1435.0,112.9090909090909,127.92134831460675,19.7590909090909,14.071348314606752
1436.0,125.14619883040936,125.88235294117646,18.14619883040936,18.882352941176464
1437.0,131.20481927710844,151.25,22.304819277108436,18.150000000000006
1438.0,138.79518072289156,160.00000000000003,23.595180722891556,19.200000000000017
1439.0,150.0,171.875,26.25,20.625
1440.0,131.77401129943502,137.15254237288136,15.154011299435012,15.772542372881361
1441.0,142.49079754601226,141.3684210526316,26.360797546012265,20.498421052631585
1442.0,132.68027210884352,133.89473684210526,35.16027210884353,19.414736842105256
1443.0,125.34939759036145,125.73584905660377,21.309397590361442,25.775849056603775
1444.0,116.875,117.61006289308176,23.375,24.11006289308176
1445.0,109.00645161290322,113.68944099378882,24.526451612903216,22.169440993788825
1446.0,107.76774193548387,112.3975155279503,24.247741935483873,21.9175155279503
1447.0,94.40993788819875,92.12121212121212,18.409937888198755,16.121212121212125
1448.0,100.0,96.25,23.0,19.25
1449.0,110.6145251396648,123.75,11.614525139664806,24.75
1450.0,117.20430107526882,126.74418604651163,8.204301075268816,17.74418604651163
1451.0,114.34736842105264,113.44565217391305,5.71736842105264,9.075652173913042
1452.0,110.32335329341318,103.09677419354838,18.203353293413173,7.216774193548389
1453.0,106.38036809815951,98.0,19.680368098159505,14.700000000000003
1454.0,101.37423312883436,93.38823529411765,18.754233128834358,14.008235294117654
1455.0,98.4,101.08176100628931,14.760000000000005,20.721761006289313
1456.0,106.66285714285715,112.79245283018868,13.33285714285715,23.122452830188678
1457.0,112.20779220779221,122.79069767441861,25.807792207792204,17.190697674418615
1458.0,137.03529411764706,131.1219512195122,20.55529411764705,23.601951219512202
1459.0,133.74117647058824,108.92682926829268,20.061176470588236,19.606829268292685
1460.0,118.82352941176471,123.17073170731707,17.82352941176471,22.170731707317074
1461.0,0.0,0.0,0.0,0.0
1462.0,0.0,0.0,0.0,0.0
1463.0,107.23684210526316,106.5359477124183,25.736842105263165,25.035947712418306
1464.0,103.57894736842105,111.47712418300654,24.858947368421056,26.197124183006537
1465.0,104.625,95.06666666666666,20.924999999999997,23.766666666666666
1466.0,97.92,106.08,24.480000000000004,26.519999999999996
1467.0,105.95,100.9548387096774,21.189999999999998,22.71483870967741
1468.0,98.80000000000001,94.14193548387095,19.760000000000005,21.18193548387096
1469.0,102.68354430379746,96.61935483870968,21.563544303797457,21.739354838709687
1470.0,101.89873417721519,103.87096774193549,21.39873417721519,23.370967741935488
1471.0,111.39240506329114,113.54838709677419,23.392405063291136,25.548387096774192
1472.0,103.76470588235294,105.2484076433121,24.384705882352947,22.6284076433121
1473.0,108.78947368421052,92.81012658227847,26.109473684210514,19.490126582278478
1474.0,100.42105263157893,85.67088607594938,24.101052631578938,17.990886075949376
1475.0,94.84210526315789,80.9113924050633,22.762105263157892,16.991392405063294
1476.0,0.0,0.0,0.0,0.0
1477.0,98.6086956521739,104.58227848101266,19.22869565217391,21.96227848101266
1478.0,90.95061728395062,82.17610062893081,17.28061728395062,16.846100628930813
1479.0,96.19999999999999,89.35849056603774,19.239999999999995,18.318490566037738
1480.0,84.96153846153847,101.6734693877551,18.69153846153847,26.9434693877551
1481.0,84.66666666666667,83.5741935483871,22.436666666666675,18.804193548387104
1482.0,85.39869281045752,103.03496503496504,20.06869281045752,29.36496503496504
1483.0,95.22875816993462,114.8951048951049,22.378758169934628,32.74510489510489
1484.0,79.05960264900662,90.3489932885906,19.369602649006623,23.038993288590603
1485.0,74.8936170212766,76.77852348993288,22.0936170212766,19.578523489932877
1486.0,76.23529411764706,83.2,24.395294117647055,27.040000000000006
1487.0,88.25531914893617,91.96923076923076,26.035319148936168,32.18923076923076
1488.0,83.94160583941606,87.78625954198473,26.441605839416056,30.286259541984734
1489.0,84.45112781954887,84.98360655737704,28.291127819548876,33.14360655737704
1490.0,87.87692307692308,94.62068965517241,30.75692307692308,39.74068965517241
1491.0,42.36923076923077,45.62068965517241,14.829230769230769,19.160689655172412
1492.0,144.1860465116279,71.02803738317758,82.1860465116279,33.028037383177576
1493.0,68.44444444444444,102.57943925233644,25.324444444444445,47.69943925233644
1494.0,50.86206896551724,50.0,21.36206896551724,20.5
1495.0,89.73913043478261,92.7457627118644,48.45913043478261,38.0257627118644
1496.0,73.32330827067669,90.85714285714286,24.563308270676693,33.61714285714286
1497.0,77.44360902255639,81.74603174603175,25.943609022556387,30.246031746031747
1498.0,61.774436090225564,60.19047619047619,20.694436090225565,22.270476190476188
1499.0,31.540983606557372,29.600000000000005,12.300983606557374,11.840000000000003
1500.0,62.5,101.94174757281553,40.0,49.44174757281553
1501.0,74.7457627118644,99.81481481481481,30.6457627118644,45.91481481481481
1502.0,77.20588235294117,91.30434782608695,24.705882352941174,38.80434782608695
1503.0,81.33333333333333,98.76190476190476,21.553333333333327,36.54190476190476
1504.0,102.61437908496733,109.79020979020979,24.114379084967325,31.290209790209786
1505.0,109.80392156862744,127.27272727272727,25.803921568627445,36.272727272727266
1506.0,95.3846153846154,106.05263157894736,20.984615384615395,25.45263157894736
1507.0,89.01986754966886,96.54777070063696,21.809867549668866,20.757770700636954
1508.0,92.94871794871794,95.39473684210526,20.448717948717942,22.89473684210526
1509.0,98.11320754716981,104.0,20.113207547169807,26.0
1510.0,79.33333333333334,82.32,15.073333333333338,20.57999999999999
1511.0,108.58536585365853,73.11111111111111,41.80536585365853,13.891111111111115
1512.0,96.04026845637584,107.96296296296296,24.490268456375844,20.51296296296296
1513.0,92.41610738255032,103.88888888888889,23.566107382550328,19.73888888888888
1514.0,83.55263157894737,83.00653594771242,20.05263157894737,19.506535947712422
1515.0,71.58865248226951,75.58273381294964,21.11865248226951,23.05273381294964
1516.0,70.8955223880597,68.34532374100719,23.395522388059703,20.845323741007192
1517.0,69.34328358208955,78.4748201438849,22.883283582089554,23.9348201438849
1518.0,63.84848484848485,87.96850393700787,21.70848484848485,32.10850393700787
1519.0,33.878787878787875,46.67716535433071,11.518787878787876,17.03716535433071
1520.0,86.23008849557522,77.33333333333333,37.51008849557522,39.05333333333333
1521.0,73.91150442477876,91.39393939393939,32.15150442477876,46.15393939393939
1522.0,45.88235294117647,71.91489361702126,14.682352941176472,38.114893617021266
1523.0,61.53846153846154,93.61702127659575,25.53846153846154,49.61702127659575
1524.0,39.2,56.42553191489362,13.720000000000002,29.90553191489362
1525.0,74.3448275862069,67.66666666666667,42.0048275862069,23.006666666666675
1526.0,122.34146341463413,86.0,47.10146341463414,29.240000000000002
1527.0,110.91891891891892,105.93939393939394,28.83891891891892,36.019393939393936
1528.0,94.27848101265823,117.45454545454545,19.79848101265823,39.93454545454546
1529.0,78.15189873417721,97.36363636363637,16.411898734177207,33.10363636363637
1530.0,76.16,78.828025477707,19.04,16.948025477707
1531.0,73.62237762237763,78.10526315789474,20.982377622377626,18.74526315789474
1532.0,70.3206106870229,68.34210526315789,24.260610687022904,16.402105263157893
1533.0,82.92307692307692,73.8157894736842,29.02307692307692,17.715789473684204
1534.0,76.46153846153847,57.476190476190474,41.67153846153847,21.266190476190474
1535.0,52.34090909090909,40.89763779527559,29.310909090909092,14.927637795275594
1536.0,30.977272727272727,24.20472440944882,17.347272727272724,8.83472440944882
1537.0,42.89230769230769,43.60869565217391,28.95230769230769,23.548695652173908
1538.0,174.90526315789472,135.78666666666666,91.82526315789472,84.86666666666666
1539.0,70.61538461538461,138.0,15.535384615384615,91.08
1540.0,20.313725490196077,27.337579617834393,4.773725490196078,5.877579617834392
1541.0,11.607843137254903,35.82165605095541,2.7278431372549026,7.70165605095541
1542.0,0.0,0.0,-0.0,-0.0
1543.0,0.0,0.0,-0.0,-0.0
1544.0,0.0,0.0,0.0,0.0
1545.0,0.0,0.0,0.0,0.0
1546.0,0.0,0.0,0.0,0.0
1547.0,0.0,0.0,0.0,0.0
1548.0,0.0,0.0,0.0,0.0
1549.0,0.0,0.0,0.0,0.0
1550.0,0.0,0.0,0.0,0.0
1551.0,0.0,0.0,0.0,0.0
1552.0,0.0,0.0,0.0,0.0
1553.0,0.0,0.0,0.0,0.0
